Fluorophore,UV1-A,UV2-A,UV3-A,UV4-A,UV5-A,UV6-A,UV7-A,UV8-A,UV9-A,UV10-A,UV11-A,UV12-A,UV13-A,UV14-A,UV15-A,UV16-A,V1-A,V2-A,V3-A,V4-A,V5-A,V6-A,V7-A,V8-A,V9-A,V10-A,V11-A,V12-A,V13-A,V14-A,V15-A,V16-A,B1-A,B2-A,B3-A,B4-A,B5-A,B6-A,B7-A,B8-A,B9-A,B10-A,B11-A,B12-A,B13-A,B14-A,YG1-A,YG2-A,YG3-A,YG4-A,YG5-A,YG6-A,YG7-A,YG8-A,YG9-A,YG10-A,R1-A,R2-A,R3-A,R4-A,R5-A,R6-A,R7-A,R8-A
Alexa Fluor 488,0.000206538,0.000322173,0.000289917,0.000144692,0.000103711,0.000568742,0.013328113,0.011654281,0.005368972,0.001092939,0.000176193,0.0000823,-0.0000949,0.000132681,-0.000171711,0.000143768,-0.000112631,0.000302675,0.000368295,0.000299817,0.007320843,0.012479275,0.013105615,0.00540078,0.002788805,0.002033933,0.000333866,0.000348424,0.0000143,-0.0000121,0.000113492,0.000254936,0.823602784,1,0.686584328,0.175422316,0.102566654,0.045971307,0.014032711,0.007907253,0.006111401,0.002445414,0.001595708,0.000922054,0.000585671,0.000887246,0.000232485,0.000157831,0.000229641,0.000179605,-0.0000768,0.0000671,0.0000484,0.000231206,0.000138208,0.0000714,0.000153608,0.000177692,0.000187676,-0.000065,-0.0000788,-0.000216558,0.000183932,-0.000195447
Alexa Fluor 532,0.000174811,0.000229096,0.000406072,0.000446311,0.000570418,0.000808079,0.003548943,0.051737437,0.061427659,0.017325764,0.003911501,0.001719288,0.001079792,0.00083038,0.000595854,0.000284265,0.000133822,0.000513265,0.000740593,0.000876728,0.002119307,0.003552515,0.017671767,0.016842927,0.010902744,0.009519356,0.002934793,0.00162031,0.001051612,0.000823894,0.000713595,0.000368897,0.016016411,0.181080354,1,0.586220618,0.383313324,0.226183677,0.078676893,0.04610986,0.03409592,0.01586499,0.008670905,0.006465733,0.004004671,0.003655498,0.090452732,0.046784541,0.027818093,0.009757101,0.005648498,0.003867284,0.003659915,0.001546993,0.001059669,0.000519504,0.000100076,0.000147548,0.000241893,0.000127876,0.00020109,0.000163747,0.0000644,0.000155863
Alexa Fluor 647,-0.0000317,0.0000388,0.0000387,-0.0000209,0.0000406,0.000167146,0.000257571,0.00010703,0.000240148,0.000107658,0.004491504,0.003580634,0.002214145,0.002307354,0.001288785,0.000583411,0.000307235,0.000720354,0.000869733,0.000616536,0.000813845,0.000679168,0.000847511,0.000580099,0.000546867,0.000479015,0.008591762,0.00651836,0.003844796,0.003169467,0.001734231,0.00071792,0.0000876,0.0000189,0.000149616,0.000424802,0.000340199,0.000265967,0.007032727,0.009183333,0.006545925,0.002926791,0.002049844,0.001596981,0.00091962,0.00084908,0.001844126,0.000917683,0.001069777,0.112874087,0.165406863,0.101222746,0.086194866,0.045080862,0.023765474,0.011867579,0.55709522,1,0.710707347,0.422592674,0.353930994,0.219020394,0.176126647,0.084247777
Alexa Fluor 700,0.000558563,0.000730805,0.000872476,0.000848805,0.00137828,0.002889913,0.004311602,0.003184304,0.003702076,0.001307673,0.001127789,0.006912512,0.040161967,0.040797654,0.022559015,0.016193555,0.000730052,0.002613243,0.003585067,0.004388495,0.006978384,0.006193112,0.008882891,0.006640921,0.005140107,0.004798468,0.004206114,0.036538079,0.188951605,0.144690439,0.082598027,0.037956763,0.00578044,0.006514006,0.007863593,0.006300444,0.004996845,0.003912138,0.002885896,0.002891391,0.012312723,0.029508513,0.023389328,0.014806803,0.009638949,0.011295063,0.002945384,0.002732182,0.002391593,0.002661938,0.007252429,0.056324347,0.289205144,0.135811335,0.075092626,0.043849072,0.004335044,0.049180683,0.376844363,0.998324108,1,0.46501063,0.432796021,0.219058957
APC,0.00000192,0.0000913,0.000147536,0.000171954,0.000191342,0.000379764,0.00051618,0.000323762,0.00033268,0.000800217,0.078850001,0.025409934,0.019743833,0.024075357,0.010891137,0.008257723,0.0000576,0.000431661,0.000691342,0.000791791,0.001415483,0.001111423,0.001425523,0.000947003,0.000686063,0.003050653,0.2419152,0.074583242,0.061635533,0.055973444,0.02634131,0.013600952,0.000453363,0.000468455,0.000625872,0.000531242,0.000392402,0.000617949,0.032376551,0.021104974,0.011219766,0.007418169,0.005989007,0.004107701,0.002119732,0.002590896,0.000218219,0.000403751,0.004438132,0.546323977,0.392392207,0.16894311,0.223286766,0.123277332,0.058033392,0.035605673,1,0.855334761,0.461249319,0.367958423,0.382669838,0.202373963,0.154724562,0.089376539
APC-R700,0.0000522,0.000318398,0.00015623,0.000330056,0.000525352,0.000845035,0.002623588,0.001982428,0.001815105,0.000776323,0.002147277,0.012619657,0.04426984,0.040847844,0.021382416,0.01369462,0.000200462,0.000761375,0.001143978,0.001347822,0.002462173,0.002467116,0.003340308,0.00246195,0.001557799,0.001683509,0.005462563,0.035608547,0.117122351,0.070270978,0.044377798,0.019356513,0.002405339,0.002188695,0.002328179,0.001213282,0.001057052,0.000755303,0.001329959,0.002806198,0.019112502,0.032298381,0.019639785,0.012556429,0.009341423,0.009104879,0.00047345,0.000270277,0.00061432,0.008901401,0.024549934,0.140928,0.485090828,0.20003727,0.108762876,0.056686117,0.021720375,0.097628866,0.543669544,1,0.783906483,0.39671769,0.364709685,0.18073205
APC-Fire 750,-0.0000328,0.0000228,0.0000792,-0.00007,0.0000368,0.000161673,0.000202207,0.000150536,-0.000547664,0.000167195,0.000793845,0.000210997,0.00044595,0.009167033,0.047621965,0.050460667,0.0000994,0.000343015,0.000283689,0.000289283,0.000556957,0.000525881,0.000792893,0.000623627,0.000450358,0.000491859,0.002674137,0.000975782,0.001585766,0.022257867,0.131544603,0.09102451,0.0000597,0.0000954,0.000191889,0.00012673,0.000128841,0.0001037,0.000573769,0.000320286,0.000270653,0.000206836,0.000677106,0.004839604,0.013519191,0.01749328,0.000435105,0.000113314,0.000414879,0.005940274,0.003782415,0.001961491,0.004206123,0.032372313,0.1967443,0.173511307,0.014461725,0.011528144,0.007253951,0.008093238,0.037365836,0.292595901,1,0.659623502
APC-Fire 810,0.0000506,-0.000054,0.0000408,0.0000798,-0.0000176,0.0001505,0.000303495,0.000299055,-0.000496123,0.000253205,0.003495386,0.001153184,0.001113449,0.00189568,0.014982337,0.076311704,0.000115957,0.000276248,0.000440696,0.000520263,0.000716645,0.000670016,0.001067327,0.000915217,0.000604251,0.001073113,0.011521482,0.003947755,0.003792475,0.005099959,0.053478896,0.18763819,0.000158695,0.000199116,0.000291034,0.00032139,0.000313283,0.000314929,0.001760896,0.001224331,0.000845585,0.000664095,0.000423808,0.000780267,0.005256409,0.031410133,0.000773496,0.00037585,0.001346378,0.026641842,0.017608618,0.009467818,0.012594519,0.008533171,0.057071158,0.264109828,0.061003077,0.05036514,0.032682955,0.027194416,0.027321334,0.042692304,0.343603684,1
APC-H7,0.000104079,0.000408244,0.00054836,0.000839187,0.001184535,0.001521035,0.005622322,0.004022337,0.003691668,0.001681135,0.000700735,0.000570154,0.000417741,0.00671628,0.047714913,0.063081221,0.000610922,0.002462061,0.003481804,0.00460909,0.007747598,0.007291158,0.010609746,0.007538692,0.004884499,0.004838084,0.002589392,0.001479803,0.001419515,0.016756281,0.120229627,0.102624436,0.004867351,0.005312977,0.006441941,0.003553891,0.003344938,0.002075454,0.001488787,0.001358489,0.000769494,0.000906069,0.000797239,0.003196017,0.01088272,0.019799938,0.001811004,0.000753948,0.000861986,0.003089431,0.002003887,0.00135325,0.002392913,0.018744337,0.159460754,0.184423585,0.007504847,0.006099754,0.003811407,0.014479852,0.027389475,0.23758939,1,0.745034737
APC-Cy7,0.0000709,0.000174959,0.000274717,0.000656156,0.000804192,0.001001015,0.003364453,0.002461121,0.002377839,0.000829458,0.001150165,0.000560676,0.000658689,0.010076201,0.052357538,0.049386708,0.000526267,0.001253195,0.002373192,0.002517385,0.004192814,0.004336158,0.005464423,0.00383702,0.002561598,0.002379897,0.003681149,0.001729075,0.00231544,0.024388245,0.12520005,0.076962935,0.003123242,0.002847873,0.003351897,0.002069138,0.001956071,0.001329301,0.001139927,0.000871264,0.000634582,0.000200374,0.000888075,0.005071326,0.011808391,0.015822518,0.001329117,0.000460095,0.00063269,0.007369713,0.004983775,0.002554864,0.005034296,0.031996992,0.185852303,0.149619816,0.01673944,0.014615875,0.009445189,0.017648724,0.047547808,0.319013818,1,0.575093184
BB515,-0.00000689,-0.00000646,-0.000000297,0.00000278,0.00000674,0.000062,0.015155451,0.00859198,0.003404439,0.000710797,0.000107711,0.000058,0.0000321,0.0000223,0.0000177,0.0000119,-0.00000181,0.0000357,0.0000602,0.0000779,0.006316545,0.007611815,0.006514424,0.002083971,0.00103557,0.000727892,0.000127651,0.0000621,0.0000346,0.0000214,0.00000535,0.0000142,1,0.74736705,0.406954051,0.094929845,0.04790149,0.02435587,0.006879153,0.003980928,0.002964203,0.001328761,0.000673366,0.000508852,0.000313055,0.000314187,0.0000212,0.0000244,0.00000271,0.00000692,0.00000139,0.00000799,0.00000797,0.0000156,-0.00000361,0.0000132,-0.00000259,0.000012,0.0000119,-0.000013,0.0000113,-0.0000067,-0.00000779,0.00000201
BB630,0.000165034,0.00013233,0.000312798,0.00000567,0.000328341,0.000288163,0.001684345,0.002323352,0.020764021,0.086286325,0.031220609,0.013403615,0.008037916,0.007284904,0.003789838,0.00257651,0.0000474,0.000211116,0.0000967,0.000369234,0.002019625,0.004770489,0.014867322,0.069474654,0.282623229,0.795837802,0.238244313,0.100752227,0.059996419,0.039171825,0.02595152,0.011038034,0.00506217,0.011954112,0.029040595,0.095668729,0.42149607,1,0.44041376,0.303234307,0.222946458,0.095813531,0.057960435,0.044839271,0.030602976,0.029801391,0.038824309,0.188710208,0.418955576,0.17267548,0.113351965,0.067436838,0.060306267,0.024935807,0.013357576,0.00631373,0.002346732,0.002230602,0.001738327,0.000980487,0.000437627,0.000302305,0.000370743,0.00036714
BB660,0.000750057,-0.000367165,0.001763161,0.001710679,0.002774244,0.005775919,0.00815799,0.006811255,0.009187542,0.006765783,0.070729603,0.028863821,0.020923928,0.019443795,0.010290253,0.007529183,0.001454735,0.003661822,0.005394412,0.004609413,0.008406741,0.010079244,0.020353683,0.034468406,0.033026885,0.054729563,0.648157658,0.245603755,0.188703173,0.129885108,0.073166617,0.034735903,0.008696282,0.014931445,0.029290484,0.03877546,0.040516132,0.056106969,1,0.661000445,0.451135571,0.272010079,0.163744787,0.113075211,0.072632639,0.077223519,0.00192817,0.001476103,0.004446185,0.143325464,0.099464472,0.054662896,0.063359942,0.026023888,0.015710376,0.008230315,0.503084581,0.480227888,0.315090123,0.237251141,0.17799728,0.092380039,0.083378516,0.041137658
BB700,0.0000267,0.00000669,-0.000023,-0.0000331,-0.0000605,-0.0000636,0.000442545,0.001908568,0.00439589,0.003202049,0.015410031,0.055627309,0.05162528,0.046699709,0.037145432,0.022209934,-0.0000171,-0.0000719,-0.000130216,-0.000132981,0.001263603,0.004377271,0.015041778,0.032019689,0.029295106,0.038314864,0.124603132,0.458159638,0.407617935,0.269322771,0.230545501,0.090690724,0.00620623,0.013380317,0.027667447,0.037089155,0.038465317,0.037492932,0.115733481,0.425417115,1,0.559819408,0.28685752,0.282633507,0.219428717,0.195473569,0.000190412,0.000165051,0.000166366,0.009231919,0.047456502,0.11606033,0.1222541,0.046541874,0.040634089,0.019055381,0.028410697,0.196236546,0.434612173,0.30338847,0.185193034,0.146060393,0.154058886,0.06682038
BB755,-0.000509355,0.000224842,0.000269714,-0.000017,0.000105269,0.000513907,0.004326305,0.005036728,0.011673995,0.007035829,0.004636456,0.003626014,0.021213946,0.142571993,0.131032383,0.083859647,0.000719907,0.000254992,0.000418376,0.001016584,0.005630118,0.012524013,0.036450398,0.070138514,0.064043371,0.083445087,0.054573062,0.037777078,0.173348148,0.689024251,0.680321355,0.292791384,0.012592053,0.028904611,0.061918966,0.082177178,0.090240574,0.084104146,0.078867973,0.061393574,0.079263751,0.211652938,0.612435605,1,0.755754208,0.749224485,0.000878668,0.000662443,0.000517268,0.000126486,0.000942255,0.000680223,0.013494489,0.049646994,0.053793574,0.02756385,0.000397608,0.000355149,0.00220608,0.023168103,0.10648693,0.155471148,0.145486738,0.074419356
BB790,0.0000928,0.0000968,0.0000792,0.000282721,0.000117882,0.000458523,0.007626799,0.037935834,0.090025964,0.055378261,0.034751579,0.021003296,0.028464496,0.148683319,0.254437303,0.247259748,0.000145855,0.000152687,0.000333564,0.000379815,0.016412641,0.072907655,0.141249293,0.182629691,0.175588064,0.184876857,0.146045237,0.114118384,0.130117365,0.322423474,0.796961983,0.588651551,0.079757181,0.141457038,0.20070564,0.210796573,0.213088233,0.201625739,0.190849355,0.177368314,0.178729655,0.177201018,0.224843102,0.555572436,0.875774308,1,0.009834993,0.00700681,0.007316089,0.007006559,0.005738056,0.005345118,0.01194339,0.072380931,0.1661321,0.159082686,0.00314229,0.007274739,0.008016274,0.019115447,0.075127781,0.16959006,0.237820623,0.193854262
BYG584,0.0000276,-0.000003,0.0000311,0.0000387,0.0000404,0.0000446,0.000161452,0.000203418,0.014796545,0.00571628,0.001862841,0.00067329,0.000503597,0.000413483,0.000205434,0.00011049,0.000000371,0.0000643,0.0000947,0.000114756,0.000215001,0.000254865,0.00095885,0.079331104,0.062372565,0.045470463,0.015239845,0.005681754,0.003762285,0.002080547,0.001342816,0.000565693,0.000216436,0.000218009,0.001233259,0.082622146,0.079719876,0.03804739,0.020260758,0.011039073,0.008744285,0.004193396,0.002213578,0.00152541,0.001089967,0.001038799,1,0.748899249,0.416659265,0.23886282,0.138634084,0.094045284,0.09810418,0.034958035,0.019957369,0.009947198,0.0000997,0.0000792,0.0000624,0.000048,0.00014195,0.0000182,0.0000461,-0.0000619
BUV395,0.2412675,1,0.498050812,0.362309194,0.335628131,0.330599759,0.185693725,0.056831513,0.025818549,0.010289887,0.001193458,0.000690966,0.000581502,0.000334836,0.000236184,0.000405762,0.004003068,0.006211689,0.004757583,0.00265425,0.0015079,0.00132363,0.001479143,0.001255862,0.000819558,0.000676583,0.000287665,0.000129238,-0.00000724,0.000143485,-0.000133399,0.000175818,0.000350371,-0.0000234,0.000368485,0.000274181,0.000370098,0.0000116,0.000309722,0.000163296,-0.0000193,-0.000315439,-0.000310501,-0.000110335,0.000117345,-0.000137193,0.000364415,-0.0000067,0.000186602,0.0000207,0.0000675,0.00000686,-0.000164185,-0.0000807,-0.000297825,0.0000811,-0.0000781,0.0000737,0.000311325,0.00030745,0.000260355,0.000460168,0.000119859,-0.000135875
BUV496,0.0209402089733161,0.0768884347474267,0.0391095264472087,0.0290230410237186,0.0364261291556083,0.198219131781703,1,0.515234180107996,0.266845159835082,0.0682555951750018,0.016211841636782,0.00717062834043487,0.00491415947468711,0.00429963705057885,0.00290695989586204,0.00174504921233376,0.000948819435617432,0.00183292102804134,0.00788328809527554,0.0538638143481095,0.148176339351607,0.113063096312102,0.118663062866756,0.0483022120848943,0.0273070132197983,0.0214746257131019,0.00577700686926634,0.00244500367555794,0.00164944641849229,0.00103494887789455,0.000698802483011859,0.000380418567110906,0.0582447332209791,0.0361514207395765,0.0239596497552329,0.00728637051655669,0.00462447070521959,0.00263093182583876,0.00118382496801662,0.000778857022989389,0.000675631036401591,0.000253902749850453,0.000238529817132239,0.000290642319867711,1.44849493709339E-05,0.00022737479026662,0.000937247930661326,0.000609810581096775,0.000578565245410916,0.000120707865233711,0.000274048451163744,0.000164218131034514,0.00021566472429388,0.000193909536104564,0.000287534447438341,0.000194575539361866,5.30761479115272E-05,0,0,0,0,0,0,0
BUV563,0.006042256,0.027086744,0.022827608,0.018904668,0.018981741,0.020716762,0.016598674,0.346257036,1,0.255260234,0.05427774,0.022708724,0.012676476,0.010050311,0.006261245,0.003661726,0.000731037,0.000983364,0.000790589,0.000481378,0.0000239,0.000674991,0.022089793,0.071968135,0.03647068,0.031814051,0.007062471,0.002759266,0.00163574,0.00089378,0.000711936,0.000197129,0.000276557,0.004984272,0.102469342,0.183065394,0.100035452,0.063923566,0.021205779,0.012719699,0.010007176,0.004389229,0.002170905,0.001646499,0.001240123,0.001094804,0.435022163,0.183593861,0.111791995,0.038073575,0.021416322,0.01451327,0.012354661,0.004259608,0.002844481,0.001443395,0.0000208,-0.0000125,0.0000155,-0.0000493,0.0000162,-0.0000569,-0.0000311,-0.0000787
BUV615,0.006987833,0.030366442,0.02632719,0.021973353,0.022759943,0.025257043,0.01754486,0.009029253,0.154196331,1,0.39193492,0.211482239,0.116263792,0.104214144,0.065676803,0.036728684,0.00071312,0.001177105,0.000556368,0.0000504,-0.0006225,-0.000752535,-0.00064724,0.014084233,0.094072253,0.289485674,0.092046586,0.047222344,0.027208541,0.018639329,0.0120878,0.004506797,0.00000804,-0.00017144,0.000443182,0.00412675,0.028810852,0.061714016,0.028747612,0.021930578,0.018347407,0.008018946,0.004198366,0.003544191,0.002469404,0.002084941,0.054256699,0.35985764,0.787548114,0.363071427,0.271377505,0.197304989,0.16585091,0.067582837,0.044550094,0.020754549,0.005530779,0.006574022,0.005756316,0.003561879,0.002135567,0.001405922,0.001354514,0.000559225
BUV661,0.005830089,0.026321829,0.023257404,0.019383895,0.0200069,0.022419785,0.016494138,0.006560614,0.003972501,0.047945776,1,0.454376009,0.335080481,0.282650341,0.154766472,0.101460188,0.000699153,0.001209121,0.001190467,0.000771864,0.000874586,0.000707001,0.000866955,0.00094295,0.001215272,0.010112072,0.221909059,0.096846014,0.075053157,0.048398405,0.027504169,0.012317405,0.000533313,0.000547077,0.000506885,0.000388925,0.000471742,0.001822311,0.039979972,0.028121797,0.021661101,0.012908366,0.007316782,0.005113364,0.003284316,0.003318674,0.000393798,0.001536441,0.014726722,0.394103991,0.281816808,0.183078861,0.206780682,0.080191731,0.045616382,0.02461524,0.628651785,0.650581786,0.497625453,0.362621749,0.258732925,0.140197395,0.123320706,0.060698484
BUV737,0.006007816,0.026327386,0.023012877,0.019378594,0.019894139,0.022638573,0.015985841,0.005689632,0.002015793,0.001012417,0.002111654,0.030746422,0.401653929,1,0.509852602,0.427812035,0.000459029,0.000957677,0.000743134,0.000516087,0.000409766,0.000298254,0.000344496,0.000373156,0.000241725,0.000248842,0.000479158,0.007389961,0.107602729,0.209862013,0.113023336,0.064196165,0.000211467,0.0000428,0.0000945,0.000142831,0.00012395,0.00000875,0.000241631,0.001279255,0.014860189,0.10811948,0.189962514,0.153317989,0.0880155,0.115798199,0.00021613,0.000129224,0.0000515,0.0000724,0.000457817,0.003294808,0.040132266,0.045013596,0.024359016,0.016730829,0.000555341,0.005059318,0.039620744,0.19801717,0.47372852,0.306876454,0.250989716,0.159525979
BUV805,0.010136916,0.048286343,0.042712834,0.035853615,0.036554831,0.04085619,0.02943783,0.011599597,0.009448058,0.003772524,0.001445922,0.000908539,0.001777695,0.022719184,0.345079445,1,0.002176682,0.005758103,0.007764474,0.007856,0.010850863,0.009954292,0.013852451,0.011038032,0.008341414,0.008698287,0.004328892,0.002277293,0.002104275,0.003790384,0.038833477,0.077112514,0.002287403,0.003182093,0.005356896,0.004683817,0.004547138,0.003920936,0.002795478,0.002108796,0.001947173,0.001294227,0.00097567,0.001617989,0.006922958,0.021833043,0.002213965,0.002283373,0.002385399,0.002406214,0.001854802,0.00156048,0.00204821,0.001692301,0.009062567,0.022706281,0.000413817,0.000710622,0.001027638,0.001326049,0.002404533,0.011799346,0.100958423,0.167116737
BV421,-0.0000549,0.0000508,0.125940013,0.072863387,0.102958767,0.087308587,0.058411626,0.019782684,0.008227846,0.002926367,0.000443609,0.000265754,0.000194757,0.000355173,0.000153268,0.000110488,0.950200906,0.960124896,1,0.409626968,0.190779773,0.116061268,0.086269894,0.025708328,0.012754545,0.009675634,0.002539643,0.001132176,0.001024664,0.000836244,0.000831054,0.000439137,-0.000033,0.0000234,-0.0000461,-0.0000612,0.000171846,-0.0000271,-0.00000877,-0.0000668,-0.000117897,-0.0000231,-0.0000537,-0.000154652,0.0000647,-0.000137899,-0.0000815,0.0000142,0.0000518,-0.0000552,0.000234345,-0.000201443,0.0000656,0.0000553,0.00003,0.00000656,0.0000543,-0.0000565,0.000055,-0.00000229,-0.0000348,-0.0000273,-0.000140592,-0.000110821
BV480,0.00000795,-0.00000986,0.0000846,0.000878146,0.013979783,0.137039476,0.27121332,0.133672532,0.073562025,0.020565702,0.004815558,0.001972839,0.001251981,0.001095289,0.000757243,0.000391725,0.000696604,0.014559132,0.2321117,0.972482411,1,0.817146164,0.756061326,0.323105653,0.182268426,0.153292337,0.036875943,0.01433973,0.009212689,0.006355869,0.003996042,0.00175329,0.059684864,0.03954928,0.02491332,0.00863444,0.005362316,0.003341767,0.001398627,0.000963837,0.000826807,0.000328039,0.000178136,0.000255984,0.000036,0.000131777,0.000127934,0.000200892,0.000112407,-0.0000219,-0.0000164,0.000055,0.000136885,-0.00000833,0.0000127,0.000047,0.0000516,0.0000287,0.00013745,0.000011,0.0000662,0.0000739,0.0000894,0.0000378
BV510,0.000287996,0.0000818,0.000446249,0.00278187,0.016219008,0.090033887,0.506109983,0.436649768,0.377116301,0.136620094,0.049738567,0.024787464,0.018549392,0.01776299,0.011844781,0.007936219,0.001633511,0.020105105,0.106023817,0.272903368,0.689632466,0.705983644,1,0.693629839,0.461301552,0.442694056,0.157611139,0.074818321,0.057386332,0.040539596,0.030438944,0.013422212,0.003130766,0.003078275,0.004119927,0.002862615,0.002324357,0.001837738,0.001381365,0.000822532,0.000785577,0.00047395,0.000321674,0.000312136,0.000153707,0.000208885,0.000724507,0.000615996,0.000704681,0.000609411,0.000522129,0.000259016,0.000591297,0.000417243,0.0000849,0.0000871,0.000466659,0.0001981,0.000216718,0.000231594,0.000242215,0.0000708,0.000230325,0.000172212
BV570,0.0000201,0.000115846,0.004988221,0.003808849,0.003951052,0.003795933,0.005781326,0.010761889,0.234322338,0.081317822,0.025401427,0.012179819,0.007313124,0.00686603,0.003494922,0.002978915,0.09293836,0.09791757,0.090190671,0.039786806,0.018068312,0.01281746,0.04699241,1,0.510168495,0.549123311,0.163217792,0.075229352,0.04518319,0.028642778,0.019365011,0.00804235,0.001687458,0.00245496,0.007988668,0.10545453,0.06840363,0.047637403,0.021043915,0.013959305,0.011627148,0.005116504,0.002394405,0.002097941,0.001471288,0.001391772,0.488956063,0.233511499,0.179824037,0.078282025,0.050365491,0.03547936,0.032141058,0.013393095,0.008771979,0.004000262,0.000706549,0.000281194,0.000398133,0.000296944,0.00016292,0.00000721,-0.000123446,-0.000129898
BV605,0.0000426,0.0000759,0.002317009,0.001454833,0.001934228,0.001809954,0.001355281,0.00077755,0.06889614,0.210838581,0.104847957,0.043011532,0.032661811,0.03062896,0.018531371,0.012903856,0.04019743,0.045376725,0.04363892,0.018792852,0.009079428,0.005589435,0.004829853,0.160716283,0.705817628,1,0.452174149,0.176991458,0.140097041,0.099357971,0.062677034,0.030199413,0.0000678,0.0000211,0.000213067,0.007275321,0.042756063,0.043985947,0.031911056,0.019784338,0.015056364,0.008990547,0.005476491,0.004220192,0.002761854,0.00307826,0.057135175,0.326831031,0.344468193,0.234852676,0.145371866,0.092265941,0.107068651,0.045961046,0.028824571,0.016841063,0.001081149,0.000991126,0.000820581,0.000581289,0.000464061,0.000228848,0.000317142,0.000127819
BV650,0.00011692,0.001231801,0.009183686,0.00734755,0.007927767,0.008188051,0.005577147,0.002091444,0.001635645,0.037333959,0.182629218,0.085058018,0.059430217,0.048199953,0.028379328,0.017858057,0.098976121,0.135375263,0.115362945,0.054406756,0.025641377,0.015080407,0.012495837,0.007905482,0.023747721,0.246716563,1,0.440877781,0.32252983,0.198628081,0.122468254,0.052943398,0.0000537,0.0000642,0.000214668,0.000323134,0.000683495,0.002745314,0.013732654,0.008547835,0.007566187,0.004078626,0.002209211,0.001589296,0.001079669,0.001139358,0.000700667,0.003986364,0.032239484,0.212061291,0.133321186,0.097841144,0.101720381,0.038680403,0.024057016,0.01285708,0.124318118,0.124759425,0.106681317,0.072989325,0.048254959,0.027866355,0.025174163,0.012003476
BV711,0.0000736,0.0000685,0.003369509,0.002168569,0.002848997,0.002536598,0.001764178,0.000703445,0.0000601,0.000207671,0.004024432,0.055735968,0.171809637,0.147981616,0.109749156,0.076731902,0.06345675,0.069971726,0.068176229,0.029094368,0.013793842,0.00858588,0.006769158,0.002885077,0.001688775,0.001750727,0.023286603,0.340505232,1,0.640826314,0.500653011,0.235087159,0.0000796,0.0000172,0.0000917,0.000108664,0.000123741,0.0000899,0.000508136,0.004447216,0.035027713,0.062894124,0.036601016,0.026661809,0.022471767,0.023178522,0.0000644,0.000116003,0.0001023,0.000833348,0.005745041,0.041775478,0.129463927,0.050583592,0.038877832,0.022738739,0.002667878,0.030177682,0.186410547,0.320510574,0.237851893,0.139668491,0.162725708,0.081319047
BV750,-0.0000349,0.000180946,0.002324692,0.001458597,0.001949835,0.00185745,0.001470022,0.0006161,-0.000133271,0.000185695,0.000100166,0.000889906,0.025255465,0.212582265,0.180230209,0.110625596,0.038113032,0.043245077,0.041665903,0.018140399,0.008913814,0.005697231,0.004845219,0.002511554,0.001573771,0.001482117,0.000904657,0.006657157,0.173633734,1,0.909732224,0.382910254,0.000113335,0.000194766,0.000323431,0.000174173,0.000231393,0.000199167,0.0000934,0.0000804,0.000676196,0.006688086,0.027069667,0.050663396,0.033180534,0.032769362,0.000153764,0.000102571,0.000195074,0.0000649,0.00013477,0.000277089,0.005237067,0.019130981,0.018365429,0.009074185,0.000042,0.0000819,0.001249495,0.010992102,0.062162923,0.101181455,0.090160396,0.042853882
BV785,0.0000354,0.0000446,0.002212943,0.001475899,0.001802076,0.001675164,0.001187685,0.000446493,-0.000129825,0.000173569,0.000101319,0.000127109,0.001489305,0.041907806,0.160822272,0.145708866,0.041907469,0.046984614,0.045518921,0.019690501,0.009460574,0.005915559,0.00502926,0.002850108,0.002076149,0.002055496,0.001712277,0.00171572,0.013005065,0.235000687,1,0.608361509,0.0000338,0.0000788,0.000128964,0.000132065,0.000150553,0.0000755,0.00011222,0.0000612,0.000108261,0.000210657,0.001519631,0.009475288,0.022029466,0.026493475,0.000119211,0.0000635,0.0000864,0.000084,0.000134699,0.000102077,0.000563859,0.004828467,0.022414182,0.020124441,0.000182531,0.000368489,0.000375099,0.000824373,0.00679762,0.038461658,0.104449243,0.062298363
BV786,0.00000411,0.000124825,0.002215637,0.001490906,0.001559577,0.001732148,0.001978739,0.00104381,0.000915995,0.000296827,0.000183282,0.000130308,0.001684341,0.038772469,0.149525918,0.127115756,0.047888337,0.049374547,0.046183896,0.01978601,0.009232458,0.005835888,0.005099998,0.002831373,0.001536594,0.001575413,0.001131136,0.001381119,0.014407698,0.256472258,1,0.546631303,0.000482858,0.000502694,0.000430187,0.000337922,0.000569443,0.00018653,0.0000707,0.000121822,0.0000465,0.000328144,0.001349371,0.008417301,0.017706376,0.021039151,0.000196688,0.0000549,0.0000316,0.0000709,0.000220031,0.0000662,0.00045866,0.004435598,0.021378742,0.017617633,0.00014292,0.000108659,0.00024758,0.001283572,0.006644011,0.034145077,0.086512667,0.047461522
BYG750,0.0000387,0.0001574,0.00017143,0.0000736,0.000125812,0.000274769,0.000300496,0.000407193,0.001525713,0.000482695,0.000145658,0.000282189,0.006353046,0.043309233,0.032144756,0.01813067,0.0000305,0.000148992,0.000155122,-0.0000399,0.000164719,0.000379352,0.00089884,0.004056275,0.001939443,0.002025648,0.000809039,0.001788586,0.031657336,0.151060851,0.120259462,0.045087627,0.001924802,0.001461836,0.003338227,0.017681804,0.008945391,0.005520338,0.003340741,0.003096661,0.012347807,0.105398514,0.37262502,0.609539247,0.348528094,0.33896364,0.033057233,0.012531566,0.007463796,0.004443232,0.003711481,0.015848126,0.340701456,1,0.801676537,0.373421473,0.000169122,0.000400227,0.002674091,0.018765322,0.090859717,0.120192187,0.094709207,0.042638718
eFluor 450,0.000199025,0.003999437,0.010648342,0.02206578,0.032374364,0.042445427,0.04795046,0.032012591,0.028262138,0.012082307,0.008535758,0.0048408,0.00739757,0.012162201,0.009487385,0.005833376,0.186964089,0.864773415,1,0.580718933,0.299666477,0.177273264,0.152482552,0.061943767,0.045035494,0.036145592,0.018242252,0.013030262,0.01426289,0.015089317,0.013775584,0.010525076,0.020105435,0.020853556,0.026638988,0.024386482,0.022938146,0.019051943,0.017597417,0.011541938,0.014402589,0.010666546,0.007876606,0.008210568,0.005874149,0.008868396,0.008514549,0.009542281,0.010342923,0.014955683,0.008615787,0.010314632,0.016594648,0.011229248,0.009265008,0.009266982,0.006183209,0.006716999,0.008506939,0.006353499,0.009570003,0.007770669,0.004132704,0.006898367
GFP,0.002055102,0.000212163,0.003972592,0.00552676,0.005210631,0.007688711,0.020032021,0.014001932,0.020552842,0.004080108,0.000407068,-0.00031063,-0.000561341,0.001260819,0.00180545,0.001497708,0.001748426,0.005458151,0.005210036,0.00657111,0.071854334,0.065533,0.069009405,0.036914055,0.029028794,0.023912277,0.011479339,0.005722952,0.005063254,0.003922307,0.003901378,0.000438664,1,0.581164951,0.335757204,0.088310183,0.057595681,0.032983289,0.016051774,0.010855811,0.00724205,0.005794401,0.004160673,0.002877694,-0.000245886,0.002408568,0.006761599,0.005420051,0.005565589,0.005923924,0.003649753,0.003520442,0.003862499,0.002752705,0.002379151,0.003079307,0.001540846,0.00135689,0.000584026,-0.002284764,0.000890027,0.000337248,0.00063455,0.001576861
KIRAVIA Blue 520,0.000166745,0.000173754,0.000193041,0.000411046,0.000708983,0.001489982,0.011933644,0.010934297,0.007322052,0.001972404,0.000652287,0.000373811,0.00014199,0.000543287,0.000585011,0.000181438,0.000132694,0.000771619,0.00091935,0.001100658,0.021169868,0.041222,0.047522914,0.021321631,0.012144197,0.009749704,0.003690742,0.002105332,0.001865937,0.001618556,0.001672402,0.001091585,0.840368585,1,0.693516261,0.202844454,0.111546741,0.059350225,0.020503352,0.011649686,0.00904786,0.004443137,0.002426947,0.002039665,0.001397355,0.001353955,0.000165063,0.0000895,-0.0000583,0.000094,0.0000503,-0.0000711,0.000395411,0.000209971,0.000183427,0.000130873,0.00014104,0.0000785,-0.000047,0.000239966,0.0000238,0.000139175,0.000212544,0.000142666
Pacific Blue,-0.00000792,-0.00000409,0.002225431,0.011240656,0.02552739,0.036671016,0.029048578,0.010074308,0.003285916,0.001201567,0.000137177,0.000034,0.000184224,0.0000745,0.000110425,0.0000557,0.077500298,0.584341162,1,0.674322753,0.375879026,0.209377569,0.174215135,0.052168801,0.027542322,0.020155149,0.004793592,0.001760975,0.001333945,0.000880426,0.000539915,0.000324609,0.000246187,0.000193677,0.000299296,0.000362843,0.000182989,0.000388319,0.000102573,0.000013,0.0000119,-0.00000571,-0.0000156,0.00000718,-0.0000528,0.000037,0.0000936,-0.000014,0.0000497,-0.0000259,0.0000842,-0.0000686,-0.0000554,-0.000127665,-0.0000234,0.0000241,0.0000193,-0.000104848,0.0000635,0.000045,0.0000894,-0.0000181,0.0000383,-0.000164216
PE,0.0000163,0.0000222,0.0000145,-0.000011,0.0000104,0.0000573,0.000114325,0.001563749,0.052313802,0.013041789,0.002992403,0.00134544,0.000797597,0.000585394,0.000370334,0.000206223,0.0000316,0.000118764,0.0000831,0.000137145,0.000207446,0.000235767,0.002860081,0.196376186,0.078200145,0.063613901,0.014624413,0.005956979,0.003631167,0.002029944,0.001350587,0.000509804,0.001126706,0.000946411,0.012890791,0.470852936,0.217161212,0.126724919,0.044645446,0.0269045,0.023483975,0.010770514,0.004982108,0.003847565,0.002674302,0.002386879,1,0.380567894,0.210157226,0.075518392,0.042320966,0.030981637,0.026943696,0.008912244,0.005927924,0.002910565,0.0000233,-0.00000546,0.0000596,0.000016,0.000024,0.0000025,0.00000197,0.0000101
PE-Cy5,-0.0000181,-0.000021,-0.000000163,-0.0000102,0.0000212,0.0000436,0.0000833,0.0000979,0.000795304,0.000349295,0.029750719,0.019170995,0.011759349,0.012402878,0.006590131,0.004160143,0.0000374,0.0000941,0.000111499,0.000118098,0.000181806,0.000178728,0.000377905,0.003495677,0.001619033,0.00173773,0.132402419,0.08313821,0.05125962,0.041648909,0.022291122,0.00969168,0.001058558,0.000531196,0.001741966,0.017244368,0.008329825,0.006601685,0.525782883,0.638495437,0.451400992,0.217726799,0.153544801,0.114959464,0.065572542,0.066317617,0.03162383,0.012213488,0.009045557,0.764063407,1,0.585880069,0.55072885,0.27430434,0.145230256,0.075820275,0.15904462,0.255687254,0.170796669,0.106319737,0.09179871,0.054313866,0.043693083,0.021436824
PE-CF594,-0.00000512,-0.0000506,-0.00000546,-0.0000473,0.000043,0.000162744,0.000624558,0.000356344,0.007716646,0.03509502,0.012823063,0.008022598,0.004573017,0.004003604,0.002615036,0.00138901,0.0000399,0.0000784,0.0000374,0.000105324,0.000305171,0.000394568,0.000740788,0.013311509,0.04709095,0.16689856,0.049751244,0.030145192,0.01607421,0.010433777,0.007789259,0.002708571,0.001479101,0.001003863,0.003217653,0.061741306,0.196071808,0.583357518,0.240626129,0.202925856,0.194035228,0.071900584,0.0401702,0.036891025,0.026659624,0.021152461,0.128795909,0.38229889,1,0.415647391,0.339062907,0.270525446,0.222750655,0.089801673,0.063195488,0.026156992,0.001338486,0.001783988,0.001485534,0.000807993,0.000465974,0.000548717,0.000413478,0.000185549
PE-Dazzle 594,-0.000178186,0.00000472,0.0000735,-0.000130677,0.00000945,-0.0000216,-0.0000407,0.000143798,0.006561936,0.033770631,0.011904857,0.006651646,0.00374975,0.003277767,0.001919304,0.001187326,-0.00000947,-0.000118669,-0.000117728,-0.000360044,-0.00033629,-0.000349668,0.0000393,0.017390714,0.05026106,0.181079736,0.050665926,0.027361205,0.015683982,0.010152044,0.007043435,0.002336563,0.002388648,0.001429499,0.004444969,0.07320107,0.214242646,0.552271398,0.21810602,0.174048504,0.148793418,0.063576092,0.034582314,0.030209466,0.01950129,0.016492736,0.15874628,0.388394613,1,0.383995191,0.288813481,0.216099362,0.18468107,0.073522716,0.050863343,0.02143274,0.001233885,0.001386704,0.001247124,0.000925215,0.000514226,0.000332312,0.000386808,0.000145841
PE-eFluor 610,-0.00000555,-0.0000247,0.00000113,-0.0000582,-0.00000039,0.000021,0.00010562,0.000271471,0.012358298,0.035234859,0.010928921,0.00420383,0.002418471,0.002010069,0.001122746,0.000654266,0.0000162,0.0000337,0.0000405,0.0000576,0.0000219,0.0000752,0.000575999,0.03697401,0.095332836,0.19649561,0.050444451,0.018081678,0.010546719,0.006782791,0.003798599,0.001562111,0.001476532,0.00076468,0.004111554,0.127804803,0.371079425,0.561915418,0.221142725,0.137745571,0.095565672,0.044270202,0.024444403,0.017699477,0.010815331,0.010234755,0.270339021,0.663824797,1,0.385586305,0.235166963,0.13334188,0.119904782,0.045733374,0.0258421,0.013040071,0.000461235,0.000422801,0.000349029,0.000214776,0.000177568,0.0000591,0.0000598,0.0000239
PE-Fire 640,-0.0000215,-0.0000189,0.0000383,-0.0000166,0.0000685,0.000139414,0.000205098,0.000321524,0.001374847,0.006397081,0.031368457,0.013406096,0.01286583,0.010777072,0.006779879,0.00479773,0.0000935,0.000196108,0.000325859,0.000330734,0.000446882,0.000444994,0.000974922,0.00643515,0.003999182,0.032423165,0.147856948,0.059872044,0.059177399,0.037627809,0.023845741,0.011967876,0.00280621,0.001463571,0.00393465,0.031875168,0.018731959,0.103172731,0.605587766,0.344709531,0.316892025,0.222693544,0.126019274,0.089931418,0.063124959,0.069932296,0.062740088,0.029169186,0.139943541,1,0.547469253,0.415879283,0.564650126,0.217137876,0.136803809,0.083268693,0.119894978,0.109246979,0.099122635,0.085095041,0.061163719,0.034107075,0.03319437,0.017924259
PE-Fire 700,-0.00000668,-0.000025,0.00000651,-0.000000336,-0.0000106,0.00000872,0.0000661,0.000079,0.001015364,0.000279105,0.00170626,0.016516843,0.023827075,0.019177721,0.016386965,0.010507125,0.0000198,-0.0000107,0.000021,0.0000106,0.0000332,0.00002,0.000186467,0.003905515,0.001732519,0.001379095,0.006441926,0.071223267,0.100772754,0.057969631,0.053223664,0.022691539,0.000861291,0.000470379,0.001612025,0.019591436,0.009301014,0.005621613,0.014117672,0.105815059,0.499805412,0.405334443,0.190467289,0.170096588,0.152161511,0.141242783,0.037685993,0.014322599,0.008238777,0.018210324,0.139761553,0.676237737,1,0.326180361,0.306594148,0.159347357,0.003000844,0.040447992,0.168590121,0.159417247,0.091654968,0.065459527,0.078861713,0.036097928
PE-Fire 744,0.0000432,-0.0000195,0.0000138,0.0000107,0.0000278,0.000115014,0.000157824,0.000229674,0.000858931,0.000340218,0.000126474,0.000320636,0.006411614,0.045091928,0.033103072,0.019870168,0.0000745,0.000141896,0.000215363,0.00018582,0.00036814,0.000322856,0.000673814,0.003646705,0.00183813,0.001595716,0.000738208,0.001648958,0.032719385,0.162564219,0.125651816,0.051784045,0.001616783,0.000906676,0.002687364,0.017060242,0.008476418,0.005493272,0.0036761,0.003115433,0.013077226,0.110440477,0.380431655,0.618868713,0.357897989,0.359977211,0.031734577,0.011991917,0.007351705,0.005189887,0.004147557,0.016494674,0.340520436,1,0.80052367,0.394315595,0.000314346,0.000475671,0.00264595,0.018654013,0.091936442,0.127782541,0.101498799,0.049300748
PE-Fire 810,0.0000189,-0.0000000273,-0.00000513,0.00000419,0.0000861,0.0000827,0.000201688,0.000552604,0.008441082,0.002547328,0.000709227,0.000436713,0.000394239,0.000915185,0.011321445,0.049442749,0.0000843,0.000167362,0.000188614,0.000244883,0.000353299,0.000340184,0.001237555,0.03364169,0.014894165,0.012840883,0.003625565,0.002084984,0.001846239,0.003178748,0.047803844,0.14356139,0.002765202,0.001480121,0.007410007,0.152002641,0.074763429,0.046707192,0.019056545,0.012716447,0.014761224,0.008737519,0.005659022,0.022062675,0.182254469,0.92493323,0.298481104,0.119768365,0.072010252,0.029552127,0.018520524,0.018598537,0.020846394,0.017781863,0.247333401,1,0.0000828,0.000285133,0.000873597,0.000703689,0.000566331,0.002009347,0.017749642,0.043444824
PerCP,0.000402282,0.001428387,0.002103297,0.002645048,0.003686736,0.005230425,0.008761977,0.005303212,0.006726023,0.002923149,0.261564207,0.341836095,0.105114681,0.194167077,0.063640679,0.041746839,0.001298308,0.00591504,0.008886355,0.010341708,0.016437722,0.015222604,0.021389889,0.017474145,0.012994914,0.014078331,0.343921135,0.471641182,0.1622347,0.224437029,0.080828783,0.039555132,0.00400121,0.004952719,0.007354673,0.006206013,0.006440849,0.005785822,0.136175799,1,0.44313293,0.162493456,0.188716306,0.148962376,0.055983797,0.07267989,0.002936001,0.003307352,0.003420329,0.095266216,0.904970061,0.356147495,0.273919324,0.233462612,0.082110412,0.04356233,0.031038137,0.294447521,0.107158272,0.053482783,0.075607068,0.0472656,0.023219525,0.01328588
PerCP-Cy5.5,0.000953454,0.000965606,0.001774165,0.00085134,0.000379424,0.0004548,0.006977001,0.003861212,0.007008123,0.001678483,0.069508669,0.180550962,0.144317889,0.142461022,0.096332467,0.052994739,0.000466859,0.001140047,0.002004975,0.001085115,0.004643864,0.00670087,0.007873562,0.005067201,0.002729932,0.002022845,0.155300894,0.505024301,0.461119826,0.301076671,0.255259684,0.099232685,0.003795031,0.003342862,0.004004514,0.003319671,0.002427029,0.001824876,0.051010111,0.490394714,1,0.578106146,0.329935482,0.305994206,0.245057649,0.223460993,0.001402064,0.001348881,-0.000106239,0.040680953,0.410213345,0.59639334,0.689181733,0.284167158,0.223958412,0.09888944,0.018866533,0.228745651,0.408319718,0.297050086,0.182496077,0.142014726,0.146278369,0.064910301
PerCP Fire 806,-0.0000196,0.000056,0.000034,-0.00001,0.000137905,0.000159279,0.000296535,0.0000806,-0.000463061,0.0000523,0.002471751,0.003371295,0.001380154,0.003050035,0.017767168,0.074684557,0.0000966,0.000194907,0.000263997,0.000218009,0.00031718,0.000352975,0.000603875,0.000584861,0.000369978,0.000486319,0.010455067,0.015496578,0.006727068,0.014486858,0.159610985,0.466433306,0.0000492,0.000119103,0.000262052,0.000241756,0.00025748,0.000177328,0.004952874,0.037680149,0.018824735,0.008365885,0.009347331,0.026217015,0.200243232,1,0.000582256,0.000176225,0.000287231,0.001686709,0.016264766,0.007701028,0.006911447,0.007435626,0.058996986,0.231017502,0.000503062,0.004398207,0.002774533,0.001964874,0.001917398,0.004647302,0.037527049,0.089523055
PerCP-eFluor 710,0.000432692,0.000373786,0.000105188,0.000536905,0.0002974,0.000654767,0.001114271,0.000778053,0.001351657,0.000546486,0.00791891,0.040348293,0.121355914,0.093186873,0.067955338,0.049457544,-0.0000278,0.000448082,0.000937971,0.000576512,0.00127951,0.001736422,0.001753534,0.002271961,0.001262281,0.002148319,0.031019263,0.250566441,0.783920749,0.441709625,0.344576363,0.171683677,0.001757526,0.001376872,0.001809305,0.001993115,0.001642889,0.001219422,0.01721201,0.107378382,0.552938545,1,0.561884566,0.378067173,0.338240256,0.372671723,0.000917949,0.000988766,0.000765738,0.006529035,0.049943476,0.240695581,0.851600389,0.29942712,0.217509528,0.141712186,0.003717036,0.044562455,0.241566129,0.459587371,0.316522597,0.162195604,0.201255099,0.105995392
PE-Vio770,-0.0000649,-0.00000761,-0.0000574,-0.0000271,-0.0000121,-0.0000751,-0.000113987,0.000204413,0.002590806,0.000831961,0.000357134,0.000203046,0.000274762,0.009038107,0.042450835,0.032294165,-0.0000427,-0.000120779,-0.00022079,-0.000174955,-0.000272036,-0.000163451,0.000196301,0.006795454,0.00329597,0.002875718,0.001229552,0.000674775,0.001386423,0.026340173,0.14415863,0.072335245,0.001503037,0.000785883,0.003334686,0.028402948,0.014277117,0.008907121,0.004490805,0.003478062,0.003089985,0.004220395,0.025655058,0.20967217,0.535769482,0.546792966,0.056015734,0.02201182,0.013197985,0.006391861,0.004613975,0.003830776,0.0140464,0.176495428,1,0.673227771,0.00014575,0.000331907,0.000301609,0.000372061,0.002959698,0.0234265,0.073606279,0.036269503
R718,-0.0000701,0.0000119,0.0000118,0.00000224,0.000107383,0.000223033,0.000353593,0.000121825,-0.000336294,0.000198193,0.0003386,0.007944916,0.042662135,0.046304575,0.033602761,0.032785974,0.000189799,0.000344051,0.000271964,0.00056773,0.000593386,0.000518859,0.000917562,0.000771307,0.00054015,0.000594432,0.000883464,0.014369788,0.073468853,0.058317349,0.042972199,0.029321553,0.0000789,0.000307176,0.000230326,0.00037428,0.000264139,0.000334888,0.000266989,0.000484409,0.002597277,0.006524864,0.004557927,0.00317551,0.002718726,0.004131473,0.00032721,0.000381512,0.001285363,0.00116399,0.003599396,0.031357333,0.156055655,0.074622146,0.054088042,0.044934144,0.003269916,0.042501029,0.384035172,1,0.987947912,0.537468154,0.654673235,0.456205707
RB545,-0.000015,-0.0000712,-0.000144117,-0.000197644,-0.000146505,-0.000219955,0.002440514,0.034198615,0.026617041,0.007639117,0.001788976,0.000689297,0.000458487,0.000390593,0.000227153,0.000161996,-0.000149255,-0.000283157,-0.000540034,-0.000595057,0.000268408,0.01505918,0.114344401,0.067912148,0.041891285,0.032874095,0.008084859,0.002978908,0.001857874,0.001195392,0.000725548,0.000382156,0.026883905,0.25473169,1,0.399669982,0.26872455,0.153179325,0.059489377,0.035219012,0.027396894,0.013357615,0.007171714,0.005558308,0.003659109,0.003716816,0.014844567,0.008803155,0.005478717,0.002276685,0.001428859,0.000975824,0.000802654,0.000378685,0.000201264,0.000166354,0.0000129,-0.0000217,0.0000217,0.0000609,-0.000016,0.00000661,-0.0000409,-0.0000906
RB613,-0.000034,0.0000402,-0.0000116,0.0000223,-0.0000293,-0.000038,0.000337022,0.000331454,0.00380452,0.045327375,0.017064355,0.007584341,0.003991048,0.003401263,0.001921655,0.001002723,0.0000841,0.0000301,0.0000138,0.0000775,0.000386688,0.000506919,0.000731308,0.006907078,0.051773706,0.207046284,0.058938004,0.024200876,0.013168053,0.008764968,0.004850273,0.001925074,0.012075975,0.009567985,0.007213072,0.034634575,0.333371669,1,0.413304838,0.290503348,0.20882602,0.089798811,0.050165895,0.037802171,0.022512814,0.020941433,0.008529813,0.072615216,0.210020678,0.087239386,0.059620966,0.035221109,0.02931134,0.011777734,0.006662632,0.003250561,0.001806007,0.002152289,0.001666898,0.000949277,0.000568977,0.000353852,0.000251267,0.000121618
RB670,-0.00000308,0.000100341,0.0000793,0.00011479,0.0000827,0.000177929,0.000858838,0.000432769,0.000603918,0.00031775,0.035592045,0.026310138,0.01387485,0.015860161,0.008259939,0.00437103,0.0000476,0.0000553,0.00010054,0.000231607,0.000773678,0.000809444,0.001042998,0.000738481,0.00042153,0.000809596,0.144961662,0.106078596,0.054935163,0.043949617,0.026870986,0.009389171,0.013810064,0.010555455,0.008049006,0.003324659,0.002787788,0.003441724,0.72805993,1,0.820262024,0.30578913,0.220527839,0.187403567,0.113395064,0.09340698,0.0000347,0.000122179,0.000128588,0.022437311,0.030759001,0.020631606,0.017332138,0.009196542,0.005300077,0.002054691,0.148706117,0.269335378,0.18635515,0.095820114,0.081771139,0.055009087,0.039566554,0.01780616
RB705,0.00000657,0.0000394,0.0000374,0.00000856,0.0000345,0.0000602,0.000636128,0.000710628,0.000520079,0.000167725,0.00175502,0.023983288,0.053275184,0.042506203,0.034877958,0.024984459,0.0000338,0.000115348,0.000145478,0.000176857,0.000416989,0.000893528,0.001214202,0.000853055,0.000534469,0.00050323,0.0039888,0.060653751,0.132634428,0.073212325,0.063811565,0.030844335,0.010604942,0.014535458,0.011226271,0.004966577,0.003212971,0.001957021,0.015776422,0.135016472,0.846749089,1,0.491073648,0.382911485,0.356610086,0.364650129,0.000071,0.0000285,0.0000241,0.000307596,0.002711261,0.016969384,0.036436129,0.012089654,0.010474454,0.00623932,0.002160669,0.031181006,0.171438176,0.222992823,0.138385708,0.085980199,0.108250571,0.054473245
RB744,0.000127604,-0.0000605,-0.0000362,-0.0000629,-0.000192,0.000254899,0.001388742,0.001531737,0.000666063,0.000767481,-0.000284991,0.000912945,0.017354252,0.089057022,0.068150233,0.046709662,0.0000889,0.000471217,0.000197601,0.000248045,0.001166436,0.002108979,0.003203618,0.002805099,0.00196093,0.001187669,0.000491811,0.001915218,0.036606295,0.139220896,0.11374635,0.053596798,0.022050978,0.029625194,0.024384139,0.012176953,0.008015835,0.004528265,0.002653125,0.003693797,0.030036065,0.260533904,0.709382202,1,0.655858808,0.720924844,0.000412324,-0.000133873,-0.000124867,-0.000148692,0.0000704,0.000323289,0.005982078,0.013012875,0.010547018,0.006010143,0.0000387,0.000167898,0.002439228,0.017048956,0.058404946,0.064477133,0.056958062,0.031143451
RB780,-0.0000353,-0.0000309,-0.0000037,-0.0000708,-0.0000194,-0.00000304,0.001336587,0.001886299,0.001514652,0.000594289,0.000191364,0.000120828,0.00045246,0.0109935,0.048409664,0.050757507,-0.000031,0.0000558,0.0000288,0.00000408,0.000794111,0.00193392,0.00301288,0.00239754,0.001496186,0.001313407,0.000487816,0.000286116,0.001149738,0.018823066,0.095923164,0.069048234,0.020340463,0.030459102,0.027211099,0.014317865,0.009548148,0.005928714,0.003607649,0.002702252,0.00331224,0.007745846,0.042541491,0.286823144,0.734249364,1,0.000171,0.000171347,0.000143482,0.000142374,0.000124922,0.0000678,0.000347316,0.002525444,0.01359815,0.014839282,0.0000305,0.0000386,0.000149543,0.000340338,0.002410231,0.013841319,0.038696301,0.024185353
RY586,0.0000932,0.0000392,0.0000525,0.0000197,0.0000768,0.000204812,0.00050207,0.000563845,0.040509746,0.020389156,0.006621197,0.002363331,0.001518296,0.001280069,0.000631017,0.000321486,0.00000358,0.0000649,0.0000901,0.000121548,0.000269567,0.000273518,0.000815144,0.045748562,0.050505704,0.037894889,0.012585379,0.004478222,0.002842039,0.001732869,0.000972696,0.000384921,0.00028055,0.000342038,0.000872758,0.061105898,0.08083162,0.041312125,0.021528427,0.011934403,0.008696866,0.004147057,0.002259276,0.00161218,0.001106936,0.001120489,0.960834908,1,0.550078117,0.275827169,0.142626341,0.089146889,0.093525366,0.035765008,0.019693514,0.009393076,0.0000577,0.000078,-0.0000217,0.00000104,0.0000557,-0.0000149,-0.0000156,-0.0000149
RY655,0.000161231,-0.0000557,0.000059,-0.0000148,0.000128015,0.000186892,0.000615646,0.000350493,0.000568719,0.000434048,0.005425093,0.002034503,0.0020059,0.002042876,0.00089556,0.000759317,0.000103445,0.0000749,0.000178111,0.000178091,0.000374163,0.000479471,0.000585734,0.00050648,0.000365432,0.001082883,0.025862506,0.009539877,0.008775737,0.006362656,0.003613683,0.00171869,0.000319136,0.000336653,0.000707385,0.007172864,0.004879295,0.0086481,0.250241024,0.158006001,0.108037975,0.072254028,0.051541064,0.035096975,0.022102107,0.024614693,0.055784479,0.025629714,0.038096009,1,0.601550214,0.350554681,0.505670642,0.248629831,0.125436997,0.071090686,0.123950012,0.10781261,0.071409027,0.061880346,0.054427369,0.029046181,0.022873746,0.013331242
RY743,0.000144737,0.000034,0.000174973,0.000165811,0.000174422,0.000279003,0.000992876,0.000597654,0.000810983,0.000384987,0.000179593,0.000148108,0.002643889,0.011262697,0.007485774,0.005206679,0.000135444,0.00012767,0.000387492,0.00034865,0.000671243,0.000959213,0.001142898,0.001007267,0.000488262,0.000589155,0.000182129,0.000190874,0.003105679,0.009758503,0.007809485,0.003636049,0.000614253,0.000686097,0.001169446,0.011008305,0.007205922,0.004689367,0.002215143,0.00188612,0.008413099,0.060721871,0.143457954,0.172526734,0.116073781,0.123932714,0.085252845,0.036776993,0.026339172,0.011522134,0.009358668,0.032388905,0.498300684,1,0.761923953,0.409255159,0.000221917,0.000170676,0.001757237,0.010611794,0.031562917,0.030380327,0.025007547,0.014310768
RY775,-0.0000352,0.0000652,0.0000241,0.0000879,0.0000899,0.000119276,0.000341744,0.000131121,-0.000243564,0.000243859,-0.000000306,-0.0000181,0.000160287,0.001606992,0.004861842,0.00342427,-0.000000804,0.0000978,0.0000693,0.000163989,0.000214123,0.000312594,0.000242326,0.000823446,0.000472726,0.000639327,0.000267154,0.000130451,0.00030471,0.003042492,0.010900745,0.005348038,0.0000234,0.0000925,0.001257182,0.026036487,0.015013263,0.01097075,0.005194846,0.003532377,0.003269119,0.003936941,0.019310498,0.103624364,0.189257311,0.17694371,0.193026049,0.086303018,0.060033096,0.026334462,0.017278267,0.01318175,0.036465528,0.273707843,1,0.617615323,0.000166838,0.000156062,0.00035262,0.00046355,0.002871276,0.013241175,0.027344577,0.01198271
RR688,-0.0000864,0.000092,0.0000327,0.000121201,-0.0000406,0.000308763,0.001365028,0.000381747,0.00090554,0.000310715,0.005959989,0.017610741,0.012097223,0.012342385,0.008619366,0.004669393,0.0000225,0.00013062,0.000131594,0.000458284,0.000897381,0.00104214,0.00123647,0.001006593,0.000486072,0.000608865,0.01656871,0.048948845,0.029342248,0.02164372,0.017375138,0.005982646,0.000807177,0.000829712,0.000920838,0.000456741,0.000433335,0.000291975,0.000902681,0.003913243,0.007861683,0.002806593,0.001583983,0.002083841,0.001367844,0.001061004,0.000307316,0.000195446,0.000199507,0.01754222,0.087985262,0.143263292,0.11416555,0.052293869,0.039912856,0.01564732,0.087765219,0.641005158,1,0.510434151,0.346761123,0.29705928,0.25415175,0.107388433
SBB615,0.000102344,0.0000386,-0.0000136,-0.0000551,0.0000321,0.0000694,0.001270004,0.006112119,0.079161946,0.24586092,0.071124818,0.031671156,0.015593944,0.01344796,0.007396207,0.003917649,0.0000187,0.0000322,0.000104042,0.000191456,0.002774574,0.011760727,0.04134308,0.220830429,0.525229987,1,0.237558884,0.09725842,0.051338064,0.034520671,0.019576009,0.007673113,0.015829686,0.045358126,0.093482596,0.217999987,0.582695647,0.773284241,0.28007675,0.192068988,0.1376738,0.058539473,0.03299789,0.025520806,0.014959123,0.013984102,0.045820122,0.164007415,0.266472788,0.093467594,0.064451085,0.039055495,0.03003154,0.012041324,0.006851475,0.00299786,0.000436055,0.000479271,0.000435614,0.00024441,0.000100697,0.0000961,0.000135956,-0.0000271
SBUV445,0.00638689,0.063897551,0.339553118,0.53729573,0.691262778,1,0.856687005,0.303182752,0.132251635,0.03592609,0.007097026,0.003115304,0.002321089,0.002567438,0.002126277,0.00161916,0.077313382,0.248527236,0.25616617,0.187851189,0.115986572,0.069549763,0.060411232,0.020432878,0.011676202,0.008898123,0.002509422,0.000982461,0.001008626,0.000503249,0.000393696,0.00000563,0.003450528,0.003576443,0.003671779,0.002533261,0.002209038,0.001313664,0.000714526,0.000324743,0.000738186,0.000372403,-0.000122787,0.0000856,-0.000163021,-0.000245369,0.000559801,0.000442954,0.00066516,0.000802167,0.000296477,0.000444321,0.00070448,0.00016253,-0.0000189,-0.0000944,0.000101342,0.000236562,0.0000537,0.000220178,0.000144242,0.000181139,0.000255205,-0.000126376
SBUV510,0.007050307,0.018265292,0.007350325,0.008046687,0.016663177,0.043766528,1,0.541143067,0.208865828,0.047562578,0.010413849,0.004727322,0.003800734,0.004866045,0.004786527,0.003891009,0.000382122,0.002540256,0.006649769,0.010415865,0.128292144,0.210623403,0.157094525,0.04877267,0.02539867,0.019720408,0.005182163,0.002403204,0.001994036,0.002083779,0.001969823,0.001170077,0.198650717,0.182159809,0.086819803,0.019556914,0.010773963,0.005851095,0.002466052,0.00152221,0.001465733,0.000919451,0.000682258,0.000753826,0.000721994,0.000989519,0.004010227,0.001872585,0.001307652,0.000838604,0.000663683,0.000459564,0.000597523,0.00027925,0.000285422,0.000217105,0.000177309,0.000198429,0.000192907,0.000248977,0.000198415,0.00030746,0.000214677,0.000167803
SBUV540,0.000224887,0.000404443,0.000517017,0.000798327,0.001449043,0.002946567,0.093441394,0.848759323,0.191345634,0.004207335,0.002494832,0.002066745,0.002596946,0.004284823,0.004689933,0.005046886,0.000606814,0.002735678,0.004528105,0.004958825,0.02467638,0.158079903,1,0.10326043,0.014046735,0.005858522,0.004115126,0.002952557,0.003747828,0.00456038,0.004975363,0.003795902,0.02638807,0.084898393,0.360282935,0.038271351,0.005077938,0.001338447,0.001586251,0.001441738,0.001854151,0.001459744,0.001296036,0.001520938,0.001619509,0.002577132,0.026233699,0.002701054,0.000681576,0.0006319,0.000606997,0.000688983,0.001107549,0.000801864,0.00093164,0.000738224,0.0000729,0.000157754,0.000165677,0.000178834,0.000150631,0.000188721,0.000133876,0.000106929
SBUV700,0.017342861,0.05424248,0.020811456,0.014266235,0.012929707,0.012542749,0.008129744,0.003678697,0.003543381,0.006791704,0.12872857,0.777994745,1,0.78262769,0.652662879,0.453021559,0.000162336,0.00034216,0.000306211,0.000154071,0.000297032,0.000273105,0.000350655,0.000312005,0.000332475,0.000908328,0.042206691,0.320064343,0.456309511,0.270554895,0.232115755,0.112945746,0.0000913,0.0000646,0.000135268,0.0000994,0.000119685,0.000203608,0.003030719,0.019811892,0.071546551,0.063487761,0.033275319,0.025962314,0.022872793,0.024543925,0.000378335,0.000483505,0.00124292,0.00776772,0.048954849,0.172293218,0.272263611,0.098442721,0.082227825,0.049714422,0.013338528,0.127967728,0.395185441,0.374339344,0.234373197,0.150023099,0.183605976,0.093127187
SBUV770,0.012895465,0.038517251,0.014882672,0.010285345,0.009106984,0.008630466,0.004906156,0.001810651,0.00175377,0.001072521,0.003196059,0.006758864,0.084689171,0.727732385,1,0.708311762,0.000233337,0.000757741,0.000751629,0.000664703,0.000912722,0.000752207,0.001097052,0.000690471,0.000336957,0.000308345,0.000307072,0.00120426,0.02171623,0.149510982,0.249077813,0.121729832,0.000559183,0.000518589,0.000645661,0.000460152,0.000449412,0.000444145,0.000285125,0.000389313,0.001511342,0.010672948,0.04044486,0.105081605,0.117243519,0.122609029,0.000590431,0.000232878,0.000254584,0.000458293,0.000519899,0.001273227,0.020946499,0.090743945,0.163298794,0.099085697,0.000587701,0.001058048,0.002868413,0.014286558,0.07446306,0.17018073,0.240359951,0.122676184
SBV440,0.000235701,0.000719603,0.044567746,0.156996266,0.09486754,0.193309351,0.117455571,0.038598351,0.015139966,0.004719843,0.002636342,0.000907972,0.000775201,0.000647336,0.000493759,0.000522041,0.221302568,1,0.510671603,0.394189998,0.218777101,0.08209712,0.093604101,0.025907445,0.014575668,0.009873015,0.004347916,0.001755603,0.001087419,0.000483525,0.00035741,-0.0000582,0.000218765,0.0000187,0.000501963,0.000706678,0.000433467,0.000437828,0.0007102,0.000316605,0.000181561,0.000206304,0.0000845,-0.0000472,0.000156249,0.000023,0.000474336,0.000388414,0.000493923,0.000587626,0.000742074,0.000380344,0.000344298,0.000241703,-0.000239951,0.0000135,0.000343161,0.000363536,0.000282538,0.000284624,0.0000638,0.000206812,0.0000465,-0.000127556
SBV515,-0.00000659,0.0000542,0.000214768,0.001625333,0.004515915,0.011663694,0.464375022,0.264402857,0.11175066,0.025122403,0.004765649,0.001878884,0.001205591,0.001155841,0.000793595,0.000579404,0.006204809,0.059772155,0.115005101,0.128340133,0.6597827,1,0.717097681,0.234024341,0.122553433,0.093517377,0.019977999,0.007552022,0.005068903,0.003625598,0.002547247,0.00129273,0.113273834,0.109190466,0.049948628,0.012582677,0.006867802,0.00346635,0.001065691,0.000591058,0.000419997,0.000190425,0.000183197,0.000143728,0.0000815,0.0000216,0.001074371,0.000621813,0.000394102,0.000158857,0.0000678,0.000042,0.00000471,-0.0000238,-0.0000037,0.000048,0.0000311,0.00000599,0.0000123,-0.0000212,0.0000185,0.00000455,-0.0000000272,-0.00000836
SBV535,0.00007,0.0000166,0.000431985,0.003254202,0.007942686,0.013292607,0.039347605,0.366490132,0.177671144,0.038712386,0.007275367,0.00267032,0.001625383,0.001351002,0.000831692,0.000552237,0.010018736,0.10139383,0.173902246,0.13873593,0.107260527,0.188631544,1,0.332343541,0.177552271,0.112138135,0.023715418,0.008265527,0.005343606,0.003505107,0.002424336,0.001243759,0.000623826,0.012756717,0.053443014,0.012537194,0.007609327,0.00334373,0.001146647,0.000594427,0.000453746,0.000194398,0.000101077,0.000077,0.0000469,0.0000797,0.002365541,0.001190832,0.000623941,0.000201298,0.00011933,0.0000651,0.0000744,0.00002,0.0000422,0.000000124,0.00000892,0.0000108,0.0000149,0.00000053,0.00000612,-0.000000206,0.00000751,-0.00000439
SBV570,0.000111217,0.0000271,0.0000429,0.000305883,0.000642125,0.001960476,0.034571724,0.13694024,0.489485338,0.146866831,0.038973628,0.016976437,0.01082271,0.009252647,0.006053429,0.003804218,0.002244953,0.014824378,0.020869201,0.026761726,0.120525125,0.158728305,0.410040115,1,0.561220626,0.486414355,0.127778489,0.052001733,0.034045693,0.022446553,0.014751568,0.006667299,0.008774377,0.01109132,0.038883702,0.102034349,0.064221476,0.039502351,0.016445808,0.010156185,0.008320246,0.00410658,0.00222636,0.001812213,0.001242305,0.001251309,0.106154093,0.054825368,0.032061557,0.013455557,0.007865155,0.005533163,0.005313296,0.002170665,0.001524824,0.000806073,0.0000984,0.0000698,0.0000888,0.000101286,0.00000101,0.0000363,0.0000387,0.0000231
Spark Blue 574,0.000174486,0.000443599,0.000807536,0.00114945,0.001623562,0.00278185,0.006225262,0.029014975,0.092481613,0.043274003,0.013210195,0.005756875,0.00369839,0.003399916,0.002088522,0.001375847,0.000545681,0.001994086,0.002899663,0.003456068,0.005435404,0.008319881,0.039187469,0.116240718,0.089301473,0.088120711,0.026385547,0.01053712,0.00716477,0.004881603,0.00314597,0.001456897,0.013928195,0.086338506,0.476011696,1,0.877021198,0.629679555,0.287327448,0.177115586,0.14323162,0.072188223,0.03959668,0.030875711,0.020954895,0.020901916,0.070377516,0.05202729,0.036756304,0.017701695,0.010502081,0.007193586,0.007257022,0.002999029,0.002027616,0.001178225,0.000119434,0.000205133,0.000244451,0.000291626,0.000288222,0.000180426,0.000288085,0.000180343
Spark NIR 685,-0.000028,0.000195376,-0.00000845,-0.000133667,0.000144404,0.000140765,0.000526542,0.000302621,-0.0000481,0.00016753,0.005940961,0.017567978,0.011825028,0.012114938,0.008936393,0.00471946,0.00025266,0.000379342,0.000617194,0.000621234,0.000758765,0.000585829,0.00093005,0.000761635,0.000546101,0.000566226,0.018514816,0.056887528,0.035314007,0.027173732,0.02103595,0.007646112,0.00024073,0.000211118,0.00034188,0.000317519,0.000321332,0.000216974,0.001239716,0.005037874,0.008620352,0.003438251,0.002053614,0.002085985,0.001407205,0.001236394,0.000457998,0.000388824,0.000284065,0.019525451,0.089475787,0.149327132,0.115126171,0.052671062,0.041509291,0.017967221,0.104514033,0.626586893,1,0.537408122,0.353835213,0.300821632,0.278832579,0.116460613
Spark UV 387,0.749082853,1,0.225130469,0.131097636,0.109754044,0.098756219,0.065334264,0.033023852,0.028793938,0.012608716,0.005083687,0.002985602,0.002545804,0.002443213,0.00266939,0.001449121,0.002917925,0.009678503,0.013755637,0.017292332,0.026177365,0.024868945,0.034940424,0.027675213,0.021259738,0.022339001,0.012399059,0.006530974,0.006562409,0.006316472,0.004771261,0.002326824,0.012700708,0.013398328,0.016661809,0.01248943,0.010436092,0.009081438,0.005857937,0.004506312,0.003738727,0.00222816,0.001739925,0.001256959,0.001771736,0.00165791,0.003231032,0.003153831,0.002699799,0.00454882,0.002362676,0.00248167,0.0027859,0.001900289,0.001699973,0.000663145,0.001130762,0.001751119,0.001009007,0.001721681,0.001172602,0.000611051,0.000997278,-0.000120476
Spark YG 570,0.000648846,0.001414086,0.00195432,0.002354717,0.003535433,0.006595602,0.016212239,0.017522017,0.042739896,0.016168166,0.009947213,0.006869756,0.007085466,0.008725616,0.008225051,0.007070818,0.002565317,0.00940586,0.016515886,0.021035357,0.036841555,0.037617059,0.060260303,0.081629939,0.057296342,0.065521755,0.042048557,0.02920814,0.03187674,0.031309759,0.031625139,0.018569191,0.017742256,0.02289835,0.05164623,0.156164769,0.093446305,0.067160455,0.040703887,0.030114256,0.030087959,0.019662465,0.014185045,0.014116171,0.012359563,0.016404695,1,0.420497207,0.257219258,0.103589488,0.063233478,0.05036747,0.056518077,0.026577026,0.02211851,0.014121922,0.004133719,0.006830367,0.008897959,0.009255315,0.009582167,0.008677625,0.010889122,0.006894906
Spark YG 593,0.000214984,0.000557088,0.000389664,0.0000517,0.000319878,0.000530997,0.000605549,0.00057819,0.019306967,0.02490225,0.014049475,0.006897937,0.006026286,0.005766504,0.004027682,0.002989838,0.00051779,0.001675762,0.002104552,0.002095625,0.002308803,0.002047923,0.002375119,0.013350334,0.024633078,0.024511162,0.01390275,0.006551112,0.00568528,0.004209451,0.003192676,0.001565232,0.0000737,0.000292191,0.000770889,0.063007747,0.153678122,0.113260842,0.099225105,0.063017774,0.058836625,0.036579563,0.02197883,0.017902331,0.01368843,0.01551237,0.44294497,1,0.730506777,0.618873535,0.381510669,0.300140793,0.360250875,0.15556088,0.11437225,0.070589924,0.001163151,0.003322276,0.006175007,0.004440374,0.002697447,0.00225747,0.00246014,0.001087325
Super Bright 436,0.000260589,0.000496822,0.060965448,0.071184571,0.070282004,0.091248878,0.067858435,0.024778322,0.014081836,0.004980532,0.002293966,0.001883847,0.001489485,0.001942957,0.001627008,0.001398281,0.590647903,1,0.771463075,0.416785716,0.229701393,0.114408086,0.110571485,0.037696128,0.023173933,0.018044036,0.007498461,0.00444349,0.00439738,0.00451093,0.003993964,0.002727278,0.004046458,0.004459426,0.005498132,0.004890596,0.00424025,0.003568387,0.003407049,0.002142944,0.002393027,0.002074352,0.001679815,0.001608038,0.001291727,0.001921073,0.001923945,0.00165654,0.001834379,0.002732361,0.001916685,0.002488348,0.002677297,0.001589856,0.002081214,0.001327221,0.000801475,0.000904981,0.001217327,0.001133622,0.001444609,0.001009384,0.001275301,0.001208275
Super Bright 780,0.00077348,0.000673908,0.001506552,0.00125677,0.001384153,0.001788931,0.00167584,0.001178583,0.002557489,0.000293956,0.000288248,0.000163091,0.001117231,0.035256783,0.160975636,0.132691537,0.0238161,0.038425452,0.030108371,0.015944849,0.009549482,0.00540029,0.006246484,0.003126941,0.002370538,0.002934489,0.0021156,0.001836683,0.009959522,0.198490198,1,0.53524891,0.000735784,0.001034639,0.001361659,0.001188994,0.001155496,0.001116411,0.000876343,0.000645609,0.000103911,0.000619802,0.00168869,0.009576677,0.024463357,0.02731957,0.000363878,0.000382421,0.000248949,0.00065349,0.000149267,0.000201837,0.00091921,0.004765474,0.024637835,0.019145319,0.000398694,0.000269264,0.000430236,0.00071867,0.004738307,0.031745721,0.09324519,0.049701872
ViaKrome 808,0.002220424,0.001700644,0.002505004,0.003462383,0.006188581,0.014280266,0.039922112,0.031242411,0.030118112,0.014523582,0.007806903,0.006767844,0.025061247,0.065484959,0.045548365,0.05678637,0.002230841,0.012024195,0.027444889,0.045742625,0.086899946,0.081999545,0.112109384,0.086527573,0.064160929,0.070202052,0.036353929,0.03402412,0.151243118,0.309247564,0.237128288,0.188254382,0.023725297,0.03219066,0.053068572,0.052069093,0.048594223,0.042517795,0.03341231,0.024645393,0.029789305,0.045732872,0.06593554,0.070987302,0.051827866,0.108111584,0.068826748,0.073631024,0.082219957,0.084666883,0.062545347,0.064143845,0.172925106,0.163862837,0.120053016,0.098072961,0.017474439,0.049670372,0.163357001,0.492658665,1,0.788338343,0.763624738,0.589998549
PE-Cy7,0.0000237,0.00000756,-0.0000208,-0.0000195,0.00000355,-0.00000767,-0.0000257,0.000087,0.001252763,0.000324657,0.0000238,-0.00000893,0.000231953,0.010073945,0.040744942,0.030181477,-0.00000185,0.00000000919,-0.0000228,-0.0000424,-0.0000585,-0.0000875,0.0000966,0.00449638,0.001859779,0.001529724,0.000369118,0.000164009,0.001217191,0.031713604,0.148119871,0.073385298,0.001304165,0.000624717,0.002329626,0.022665898,0.010937556,0.006521036,0.002574182,0.001711606,0.001725976,0.004171661,0.031341093,0.234394131,0.534554625,0.514063556,0.04493858,0.017275862,0.009872717,0.00384626,0.002474516,0.00214331,0.014819509,0.203984858,1,0.636827691,0.0000242,0.0000546,0.0000386,0.000246155,0.00333175,0.025543555,0.070097621,0.033940874
SBY720,0.000112746,0.000152111,-0.000234446,-0.00019919,-0.000109733,-0.000645487,-0.000756173,-0.000508575,-0.000210568,0.002975838,0.01991708,0.045420307,0.156095415,0.143879838,0.093752183,0.088673259,-0.000297814,-0.000502229,-0.000835843,-0.000988767,-0.001566507,-0.001719729,-0.002169424,-0.001305821,0.000309365,0.009643316,0.049354345,0.091267874,0.276627676,0.186063045,0.12906532,0.082412854,-0.000680284,-0.000532844,-0.000769494,-0.0000722,0.001104028,0.007551877,0.050536348,0.050997869,0.167857122,0.28686436,0.182494945,0.119242053,0.099363674,0.135419701,0.002907146,0.005341977,0.021660427,0.134521208,0.123124851,0.316591303,1,0.407284223,0.277193352,0.215211381,0.012862814,0.023493959,0.084253561,0.161420521,0.136991707,0.069547815,0.079632457,0.05303201
eFluor 780,-0.0000158,0.000170851,0.000236197,0.0000684,0.0002615,0.000455602,0.001603954,0.001443942,0.001995952,0.001366468,0.001032283,0.000723617,0.001072539,0.016276127,0.079276475,0.078756124,0.000352634,0.001211738,0.002011686,0.002806375,0.004657682,0.004432979,0.006787721,0.006608548,0.005179151,0.006479641,0.004942275,0.004207114,0.004863225,0.0404747,0.249054645,0.176083034,0.003967807,0.003703644,0.004556057,0.004370673,0.004549706,0.004037591,0.003499709,0.002735008,0.002990092,0.002004437,0.002043123,0.006908557,0.019428583,0.028172611,0.004481874,0.005963863,0.006327233,0.005965658,0.005293492,0.004717479,0.006643801,0.019841662,0.109234419,0.092072211,0.004945305,0.012887226,0.013569606,0.01056767,0.037311644,0.291412392,1,0.619024424
DyLight 680,-0.0000222,0.0000438,-0.000014,-0.00000252,-0.000107479,-0.000101109,0.000200182,0.000358121,0.000237401,0.000156695,0.003063585,0.029867795,0.06646686,0.058489705,0.042169255,0.029085336,0.000129911,-0.00021659,-0.000191001,-0.000199149,0.0000157,0.000320276,0.000928791,0.000330306,0.0000783,0.000241831,0.002802782,0.021709158,0.044534625,0.02922443,0.022685787,0.010447857,0.002442426,0.004083878,0.005248792,0.00286906,0.001834668,0.000948774,0.005901103,0.034681859,0.18814941,0.2332007,0.131808853,0.102925316,0.084866894,0.08621745,0.000614804,0.000167257,0.000274637,0.006003888,0.022610639,0.084161326,0.173182815,0.070217712,0.054159331,0.030862376,0.037403068,0.220174993,0.800596503,1,0.712227329,0.454652569,0.501044832,0.251095004
mFluor Vio610,0.0000166,0.00000162,-0.0000193,0.0000296,0.0000475,0.0000172,0.000022,-0.0000326,0.003165754,0.046634782,0.021475251,0.011996428,0.007100267,0.005963922,0.003801309,0.002199914,0.000521696,0.002774689,0.003326818,0.001967823,0.00096949,0.00048809,0.000410491,0.023437179,0.221509792,1,0.349947661,0.188446866,0.113696563,0.072732188,0.049141577,0.019009535,0.0000305,-0.0000068,-0.000036,0.000908214,0.011318539,0.036485335,0.01849511,0.013998271,0.012788986,0.005738826,0.002996648,0.002527641,0.001654576,0.001465464,0.013334892,0.162133962,0.549360916,0.287223613,0.210107183,0.161072981,0.141511069,0.054629002,0.036937271,0.017301896,0.008183463,0.010110391,0.009010156,0.005422788,0.00332461,0.002177192,0.002060789,0.000867442
CF405M,-0.00000551,0.0000301,0.001774459,0.008661001,0.016523188,0.021179588,0.015762005,0.005238272,0.002079968,0.00053376,0.0000507,-0.0000013,-0.0000186,-0.00000166,-0.0000433,-0.0000497,0.093795336,0.681498812,1,0.610797572,0.316469806,0.173069013,0.140729109,0.040462819,0.020413126,0.014876698,0.002997767,0.001058774,0.00064021,0.000378201,0.000249586,0.0000696,0.000232255,0.0000951,0.0000235,-0.0000801,-0.000104547,-0.0000774,-0.000103685,-0.000103519,-0.000133137,-0.000102523,-0.0000883,-0.0000491,-0.0000369,-0.0000518,-0.0000624,-0.0000326,-0.0000468,-0.0000951,-0.0000729,-0.000031,-0.0000301,-0.0000631,-0.0000018,-0.0000753,-0.0000654,-0.000053,-0.0000946,-0.000032,-0.0000472,-0.0000366,-0.0000471,-0.000051
CF488A,-0.00000521,-0.0000139,-0.000023,-0.000021,-0.0000184,0.0000204,0.014810635,0.008673059,0.003533752,0.000699683,0.000104208,0.0000217,0.00000665,0.0000308,-0.0000171,-0.0000164,-0.0000158,-0.0000197,-0.0000324,-0.0000272,0.005538001,0.007029317,0.006006368,0.001836376,0.00087359,0.000683345,0.000104171,0.0000327,-0.00000868,-0.0000401,-0.0000361,0.0000138,1,0.775716947,0.424792978,0.099645443,0.05070111,0.025473639,0.007131721,0.004033812,0.003091752,0.001379162,0.000678611,0.000526866,0.000316477,0.000297211,0.0000143,0.00000149,0.0000184,-0.00000246,-0.0000313,-0.000033,-0.0000176,-0.0000582,-0.0000165,-0.00000402,-0.0000171,0.00000173,-0.0000212,-0.0000132,-0.0000144,-0.00001,-0.0000229,-0.0000147
V450,0.000162852,0.000589228,0.002110438,0.014177805,0.021533159,0.025864295,0.02366367,0.008492697,0.003755209,0.001061956,0.000139117,-0.0000887,-0.000154327,0.00031165,-0.0000101,0.000167961,0.1203126,0.774557959,1,0.619192478,0.300195453,0.16145162,0.133451623,0.043713694,0.020882182,0.015035983,0.003390319,0.001349951,0.000573514,0.000966894,0.000360714,0.0000311,0.001277905,0.000988234,0.001114241,0.00065076,0.000480903,0.0002941,-0.000391006,-0.0000304,-0.0000119,0.00000789,0.000353028,-0.000282728,0.0000201,-0.000760763,0.0000727,0.00055684,0.000115487,-0.000225742,0.000134053,-0.000180401,0.000194763,0.0000934,-0.000156288,0.0000191,0.00011299,0.0000618,-0.000042,0.000178898,0.000186223,-0.000377943,-0.000173026,-0.000168754
V500,0.000269074,0.001354586,0.000578972,0.001598984,0.003880212,0.015680306,0.083982323,0.059396791,0.036097384,0.010050756,0.003177685,0.001462792,0.000509087,0.001071275,-0.000631531,0.000593438,0.001556056,0.008759043,0.059975409,0.255253745,0.899015902,0.824500832,1,0.525662438,0.29011918,0.235975811,0.062073892,0.025345088,0.016284102,0.010297547,0.006825218,0.00291541,0.035577987,0.030258701,0.027408644,0.010455827,0.008879355,0.005104104,0.00220355,0.001919376,0.000589431,0.001035543,0.000910368,0.000848442,-0.000516991,0.00030354,0.001179658,0.000461836,0.000886114,0.000261404,0.000621594,0.0005456,-0.000519496,-0.00068003,0.001011182,0.000662523,-0.000175558,0.000361649,-0.000386998,0.000610926,0.000196361,-0.000165152,0.000525673,-0.00010828
FITC,0.000302701,0.000147361,-0.000116451,0.000638506,0.000483037,0.000823537,0.028766792,0.025965668,0.013395538,0.002774996,0.000632122,0.000212912,-0.000232953,-0.000254404,0.000269356,-0.0000398,0.000784281,0.000561814,0.000564275,0.000621139,0.025540469,0.041078473,0.04328729,0.020096148,0.009794095,0.007108173,0.00188379,0.000383274,0.000625981,-0.000262967,0.000419162,0.00000065,0.873192566,1,0.707737795,0.204426467,0.124993477,0.059970757,0.01997785,0.0115479,0.009141475,0.004065931,0.001699046,0.001930989,0.001066457,0.001041601,0.00019402,0.000127242,-0.000433442,-0.000267305,0.000492783,0.000291566,0.0000636,-0.000475223,0.0000663,-0.0000792,0.00015436,0.000153737,0.0000893,0.000164164,0.00006,-0.00029149,0.0000496,-0.0000888
