,UV1 (375)-A,UV2 (390)-A,UV3 (420)-A,UV4 (440)-A,UV5 (460)-A,UV6 (475)-A,UV7 (500)-A,UV8 (515)-A,UV9 (530)-A,UV10 (545)-A,UV11 (575)-A,UV12 (590)-A,UV13 (605)-A,UV14 (625)-A,UV15 (655)-A,UV16 (675)-A,UV17 (700)-A,UV18 (725)-A,UV19 (750)-A,UV20 (780)-A,UV21 (810)-A,UV22 (845)-A,V1 (420)-A,V2 (440)-A,V3 (460)-A,V4 (475)-A,V5 (500)-A,V6 (515)-A,V7 (530)-A,V8 (545)-A,V9 (575)-A,V10 (590)-A,V11 (605)-A,V12 (625)-A,V13 (655)-A,V14 (675)-A,V15 (700)-A,V16 (725)-A,V17 (750)-A,V18 (780)-A,V19 (810)-A,V20 (845)-A,B1 (500)-A,B2 (515)-A,B3 (530)-A,B4 (545)-A,B5 (575)-A,B6 (590)-A,B7 (605)-A,B8 (625)-A,B9 (655)-A,B10 (675)-A,B11 (700)-A,B12 (725)-A,B13 (750)-A,B14 (780)-A,B15 (810)-A,B16 (845)-A,YG1 (575)-A,YG2 (590)-A,YG3 (605)-A,YG4 (625)-A,YG5 (655)-A,YG6 (675)-A,YG7 (700)-A,YG8 (725)-A,YG9 (750)-A,YG10 (780)-A,YG11 (810)-A,YG12 (845)-A,R1 (655)-A,R2 (675)-A,R3 (700)-A,R4 (725)-A,R5 (750)-A,R6 (780)-A,R7 (810)-A,R8 (845)-A
Alexa Fluor 488,0.001118374,0.001292368,0.003865528,0.004149416,0.002591878,0.00140225,0.017500809,0.045857321,0.03361645,0.018213549,0.009269439,0.004718045,0.003102418,0.001212934,0.000938905,0.0005119,2.13E-05,-3.63E-06,-9.78E-05,0.000102283,-5.54E-05,3.41E-05,-0.000140136,-0.001053568,-0.001560389,-0.000994734,0.003420322,0.011317014,0.007931746,0.00408702,0.002170735,0.001021879,0.000728661,0.000178265,4.98E-05,-6.82E-05,-6.73E-05,-3.99E-05,-0.00018387,-0.000300954,-4.92E-05,7.02E-05,0.370540253,1,0.752579227,0.51261034,0.234254348,0.12251829,0.079313675,0.028111426,0.017751962,0.0099726,0.0068114,0.002764891,0.001502927,0.000710575,0.000393938,0.000314105,0.002164048,0.001529448,0.001562924,0.000873968,0.000878681,0.000536704,0.000477486,0.00022763,0.000155295,-6.75E-05,-1.46E-05,4.25E-05,0.000475403,0.000731788,0.000362626,0.000142446,0.000167572,0.000245522,1.08E-05,-5.12E-05
Alexa Fluor 647,0.000526353,0.000620667,0.003467736,0.004074358,0.003157098,0.001485591,0.001786934,0.001764442,0.001119733,0.000864479,0.000424938,0.00044476,0.000264943,0.00017293,0.002373829,0.00529152,0.003354565,0.001300232,0.000959513,0.000540556,0.00016611,2.51E-06,0.00032985,0.001642275,0.002301459,0.001529963,0.001817075,0.002469675,0.001705764,0.001288814,0.00123388,0.000854934,0.001156797,0.000166167,0.001443741,0.001972613,0.001536814,0.000714299,0.000415041,-5.45E-05,-5.79E-05,-0.000193752,0.000733676,0.001244164,0.00123027,0.001257346,0.001138218,0.000957462,0.001245327,7.08E-05,0.001783198,0.002660412,0.001589963,0.000739302,0.000883717,0.00020085,0.000376949,0.000273444,0.000112925,0.000126023,0.000108865,0.000224062,0.060168617,0.099431363,0.059849772,0.022804646,0.016994219,0.006645783,0.002496583,0.00113313,0.533489204,1,0.581672065,0.285296754,0.175102416,0.083273967,0.036021687,0.015165044
Alexa Fluor 700,0.001350973,0.001930981,0.007226139,0.008970949,0.006953617,0.003996653,0.003971932,0.003685952,0.002580926,0.001958916,0.00168014,0.001241931,0.001147557,0.000759895,0.000669842,0.002760106,0.02699955,0.042440791,0.023929232,0.013538066,0.006228273,0.00242633,0.00064464,0.002247029,0.003075978,0.002657083,0.003373167,0.003532117,0.002925098,0.002203887,0.001970188,0.001478932,0.001439763,0.000830974,0.000866607,0.002554629,0.027886678,0.044770151,0.028581626,0.01355635,0.006888694,0.002751026,0.001273462,0.002385499,0.002764781,0.00340434,0.003229037,0.00266878,0.002774119,0.001344802,0.001578751,0.001833449,0.00844489,0.013404035,0.008234376,0.004231455,0.002250646,0.001005495,0.001558553,0.001619606,0.002760144,0.001964698,0.002636319,0.009187207,0.097999309,0.131407811,0.079768944,0.039900945,0.01826615,0.006952593,0.003386544,0.044289462,0.602965694,1,0.573293694,0.28818772,0.146743176,0.054468523
AmCyan,0.00161398,0.003485686,0.002760232,-0.003551598,-0.00541934,0.005186348,0.016461086,0.011675312,0.004014912,-0.000510299,-0.003006719,-0.002814568,-0.001339328,-0.001693453,-0.002013077,-0.000821639,0.000270714,-6.97E-06,-0.000498065,-0.000696324,-0.000263705,-0.000568609,0.000317192,0.004325623,0.080858737,0.466204982,1,0.858726626,0.425601955,0.277082096,0.141817985,0.084779796,0.053858967,0.020861196,0.011513785,0.006249407,0.003077966,0.00123989,0.000281317,-0.000795957,-0.000304592,0.000431272,0.349553673,0.305963587,0.19091723,0.11331684,0.045849695,0.026491238,0.018550951,0.005431658,0.003520061,0.003186476,0.000308533,0.00089022,2.61E-06,0.00029723,-0.001401854,0.000521252,0.002522394,0.002835321,0.002366381,0.003419488,0.002268934,0.002656065,0.003440929,-2.02E-05,0.000357231,0.001148077,0.000214704,0.001138118,0.00418112,0.002595894,0.002916641,0.002341326,0.001939839,0.001930996,0.00069275,0.00116008
APC,0.000748069,0.001404429,0.00526774,0.006871121,0.006052524,0.003287497,0.00406825,0.003630802,0.003739075,0.002895645,0.001591324,0.001157927,0.000842554,0.0021457,0.050358176,0.040697937,0.020877838,0.012522726,0.007195725,0.003766284,0.001895413,0.00092309,0.000111488,0.001198745,0.002265789,0.001879448,0.002369594,0.002993604,0.002325846,0.000758756,0.002433555,0.001751599,0.001191406,0.001464985,0.038076183,0.028814338,0.015262574,0.010028083,0.007474039,0.002736921,0.000611832,0.000695572,0.000647657,0.000670448,0.000958943,0.00124981,0.000819051,0.001682056,0.000872957,0.000567184,0.007775088,0.005427781,0.002745071,0.001853988,0.000920143,-8.04E-05,-0.000937225,-0.000413516,-0.000273806,0.000770976,0.001834634,0.005539458,0.283400077,0.19354316,0.099390571,0.060308709,0.041054026,0.015752161,0.00755426,0.003357395,1,0.812720302,0.358165651,0.270394834,0.155388181,0.06787041,0.036179198,0.016336724
APC-R700,0.000571762,0.001041369,0.004776868,0.006340594,0.005286316,0.003155347,0.003262003,0.002997277,0.002273949,0.001694564,0.001391517,0.001053689,0.000968617,0.000592332,0.001914048,0.005456965,0.037364987,0.042165741,0.020826328,0.012176507,0.005213717,0.002005168,0.000703347,0.002344427,0.003245148,0.002659071,0.003311048,0.003421559,0.002695513,0.002054969,0.001840488,0.001464231,0.001216095,0.00071749,0.001598678,0.003837215,0.026125311,0.029342884,0.01686845,0.008397538,0.003761314,0.001563392,0.000814508,0.001469417,0.001572445,0.001669689,0.001521956,0.001212,0.001268477,0.00059707,0.001220208,0.002131973,0.012403132,0.01470725,0.007851353,0.004103766,0.001952344,0.000851112,0.000332348,0.000448424,0.000640829,0.000574125,0.007738385,0.024764721,0.203226002,0.199202869,0.108933856,0.056147997,0.022954963,0.00885843,0.028449179,0.105720663,0.818071235,1,0.523826931,0.270346686,0.125233739,0.045520448
APC-H7,0.002417938,0.004171921,0.019287693,0.024982987,0.020749563,0.01191084,0.012593952,0.011336748,0.008830337,0.00652969,0.005392275,0.003943865,0.003669741,0.00224148,0.002804472,0.002147525,0.001919229,0.001379274,0.009066657,0.042484986,0.027504264,0.009617604,0.002581024,0.008977536,0.011865032,0.009875931,0.012394825,0.012888776,0.009998877,0.007693052,0.00690995,0.005422437,0.004819454,0.002633514,0.003235661,0.002404842,0.002058755,0.001392213,0.008728202,0.038796642,0.026510508,0.009966255,0.002718441,0.004792697,0.005306326,0.005977275,0.005431402,0.004704441,0.004861628,0.002189738,0.002911763,0.002119798,0.002061614,0.001204523,0.002861124,0.009379532,0.006247863,0.002391583,0.001347022,0.001608013,0.001814263,0.001656931,0.005221872,0.003525823,0.003102838,0.002872182,0.037507466,0.17243564,0.103970381,0.036744505,0.014786505,0.012282525,0.008543451,0.013922678,0.200438483,1,0.695546841,0.231244369
APC-Cy7,0.001896807,0.003301578,0.014790365,0.018952587,0.015840644,0.009066358,0.009541274,0.008719986,0.006689139,0.004953034,0.004051829,0.003036331,0.00290313,0.001828669,0.00336589,0.002666095,0.002122359,0.001834619,0.013498622,0.04589561,0.022081417,0.007918714,0.001953025,0.006762396,0.008996869,0.007555496,0.009429197,0.009959795,0.007807773,0.00597729,0.005282928,0.004164373,0.003788011,0.002144026,0.003290414,0.002510979,0.002167687,0.001670699,0.012923477,0.039238753,0.020181347,0.007590784,0.002124861,0.003818892,0.004254637,0.004753991,0.004417844,0.003814986,0.003914319,0.00177529,0.002701791,0.002011724,0.001723259,0.001097258,0.003661895,0.009618345,0.005088195,0.002038504,0.001208457,0.001323693,0.001729629,0.001590462,0.011226919,0.007413935,0.005508879,0.005522929,0.059403927,0.186509677,0.08524898,0.030651471,0.039690086,0.035608911,0.021492881,0.029154838,0.291633497,1,0.544901458,0.185748973
APC-Fire 810,0.000285315,0.000795681,0.002757065,0.003801707,0.003414488,0.002231769,0.002042205,0.001896814,0.001337565,0.000691684,0.000803202,0.00034571,0.000322073,0.000357691,0.003944573,0.003672,0.003517823,0.001799265,0.001840849,0.018126963,0.036443453,0.016701924,0.000472448,0.000627039,0.000784277,0.000303463,5.33E-05,0.000193654,8.87E-05,-5.10E-05,5.30E-05,0.000121735,0.000111196,-0.00040412,0.002982055,0.002416024,0.002301596,0.00140231,0.001474279,0.019085891,0.042546137,0.02035576,0.000279106,0.000340276,0.000528404,0.00035397,0.000542431,0.000493027,0.000301257,0.000364106,0.000741488,0.000508704,0.000285877,0.000255007,0.000176048,0.00276989,0.007102247,0.003397067,0.000154863,0.000297224,0.000728794,0.001554364,0.025585028,0.0183883,0.017171936,0.008194896,0.010393885,0.068529883,0.139776576,0.066108199,0.114514524,0.100230069,0.082073585,0.052150466,0.055213691,0.426692104,1,0.43537249
BB515,-5.81E-05,-0.000565174,-0.001234627,-0.002430911,-0.003010231,-0.001789213,0.023892826,0.042740187,0.026101823,0.012996658,0.005403567,0.002790588,0.001603689,0.000324005,0.000108582,-0.000197359,-0.0001636,-0.000418616,-0.000113226,-5.18E-06,0.000206328,0.000115841,-0.000369019,-0.000154867,-4.79E-05,-0.000463282,0.004201873,0.008818406,0.004287894,0.002439296,0.000778311,0.000358667,-0.000138873,-0.000626656,-0.000637314,-0.000612577,-0.000283336,-0.000297012,-0.000518854,-0.000318377,3.63E-06,-0.000259969,0.545944331,1,0.60955542,0.348583262,0.147172982,0.076629879,0.054234259,0.017911005,0.010889744,0.005723522,0.003915787,0.001550157,0.000490547,0.000328026,6.00E-05,1.46E-05,0.000163058,-0.000226268,0.000173202,-0.000349072,6.70E-05,-0.000161888,-4.19E-05,-0.000153646,-0.000203642,-0.000136408,-0.000225039,-0.000128916,3.85E-05,7.48E-05,-0.000481169,-0.000176362,-6.76E-05,0.000282362,0.000211883,0.000133356
BB630,0.001644947,0.002631359,0.008863861,0.010402428,0.008098414,0.004355928,0.004256248,0.004656444,0.0050299,0.005175764,0.013618677,0.055241044,0.181373663,0.119878143,0.074210434,0.055216826,0.035147682,0.015174678,0.009055746,0.005054268,0.002160731,0.001015422,0.00066863,0.002268841,0.003046487,0.002522598,0.003806126,0.005726728,0.007531309,0.009008282,0.027118122,0.113593944,0.346306252,0.202311668,0.136185063,0.098901834,0.062544474,0.028565827,0.02007614,0.009692708,0.004512932,0.002321247,0.00199683,0.007082572,0.013382615,0.024065899,0.072074023,0.266265018,1,0.481355744,0.370603857,0.251662177,0.166163899,0.071783094,0.046501977,0.023323829,0.011293472,0.005892092,0.029025689,0.144309256,0.564594343,0.340617492,0.239046637,0.150059057,0.097095718,0.037385438,0.024394927,0.01087594,0.004316491,0.002006112,0.004664334,0.005241719,0.003457135,0.001659182,0.001048445,0.000553633,0.000223976,6.44E-05
BB660,0.000203581,0.000150582,0.000987127,0.001417364,0.001187068,0.000680811,0.001579127,0.002281292,0.002883459,0.002870616,0.004426239,0.003973576,0.004820704,0.009149077,0.127318072,0.100179415,0.061865538,0.029684142,0.014477762,0.007635566,0.0032814,0.001109201,0.000320585,7.02E-05,0.000338356,2.55E-05,0.000238061,0.002031227,0.003680356,0.004616792,0.009035558,0.009718531,0.011568657,0.016448254,0.218785334,0.168505096,0.10360517,0.05250458,0.030346583,0.013814912,0.00546727,0.002450295,0.001964859,0.005679029,0.010557241,0.014727014,0.023178363,0.023931961,0.032376741,0.036284022,0.583612952,0.41892384,0.264063529,0.13419462,0.06738483,0.032334625,0.015576645,0.006856185,0.000134368,6.66E-05,0.000731302,0.005210955,0.137658064,0.09307626,0.058180575,0.026854706,0.015273264,0.00672063,0.002968496,0.000842557,1,0.901179944,0.494138056,0.284675619,0.135589645,0.06862216,0.031064181,0.012213224
BB700,0.000151425,0.000236534,0.000286152,-3.11E-05,-0.000437081,-0.000242024,-0.000240837,0.00055334,0.001762946,0.002509131,0.004824032,0.004942376,0.005497293,0.00444544,0.017477137,0.108840718,0.239998164,0.090250533,0.054242857,0.036891753,0.012901293,0.005970985,4.06E-05,4.12E-06,7.25E-05,0.000119015,0.000603662,0.002488392,0.004560692,0.006427569,0.01219676,0.013045521,0.013940793,0.009959002,0.031790548,0.171136578,0.364008179,0.147662286,0.109920533,0.060933017,0.024568383,0.011832189,0.001721875,0.006369942,0.013280375,0.019983566,0.032978161,0.033362716,0.041594582,0.022412952,0.081503383,0.420878611,0.90545845,0.373085675,0.240170454,0.143191141,0.058282975,0.028108684,0.000122726,0.000202243,0.000283377,0.000285598,0.012213183,0.088101094,0.201632162,0.070186433,0.048671898,0.03051244,0.010351224,0.004605074,0.062607091,0.489055304,1,0.435997167,0.276605988,0.181743025,0.071253977,0.030559736
BB755,0.005536183,0.008104007,0.029957725,0.034850434,0.027343496,0.015032369,0.015175974,0.015850799,0.015378306,0.014236381,0.018561889,0.017443423,0.019627587,0.013645502,0.015163853,0.013610913,0.020474743,0.073427104,0.217498442,0.160011415,0.072337153,0.038419757,0.002319549,0.008069163,0.010905453,0.00882213,0.012611658,0.018346812,0.021758527,0.023957136,0.037680686,0.040252159,0.043248789,0.028232989,0.035683437,0.030671372,0.043899959,0.141528731,0.444771886,0.270271059,0.132529281,0.07392319,0.005841711,0.020074596,0.036425865,0.058060043,0.087990714,0.088389435,0.104575186,0.057048286,0.084270317,0.069075833,0.093585768,0.352595038,1,0.628022683,0.317773838,0.182270087,0.005137075,0.004078757,0.004371156,0.003386588,0.003431181,0.002376636,0.005367216,0.024100455,0.085686924,0.057647895,0.025278725,0.013393392,0.001321135,0.002283757,0.015044268,0.121155933,0.351756979,0.229389583,0.114527335,0.058359186
BB790,0.000176386,0.000335058,0.001206388,0.001487563,0.001263435,0.000660049,0.004057183,0.021729357,0.049850412,0.064143709,0.098995954,0.095711475,0.104231319,0.071193568,0.079652871,0.067753262,0.064925221,0.059252656,0.325268908,0.58206859,0.419808198,0.175872657,0.000146738,0.000459804,0.000622203,0.00062211,0.007180893,0.041982628,0.095721357,0.125428345,0.174974825,0.178954993,0.184743854,0.137478007,0.150788151,0.137441422,0.128388853,0.125522508,0.477214677,0.704912403,0.528855253,0.312321481,0.020887391,0.132477817,0.210302445,0.284228952,0.333664917,0.329722109,0.355383119,0.249345955,0.294531289,0.256519347,0.251348126,0.237308899,0.644723439,1,0.734248112,0.444377734,0.006223807,0.006729788,0.00880192,0.00624716,0.008705988,0.007260109,0.008110541,0.009912329,0.102525461,0.253119822,0.15079022,0.055789521,0.006810719,0.017164059,0.019164843,0.049008146,0.313754171,0.50422471,0.389547501,0.191120728
BYG584,0.000246083,0.000301298,0.001135213,0.001265902,0.000993405,0.000491752,0.000473694,0.000450293,0.000347823,0.000396991,0.007884387,0.008114987,0.005503559,0.002958452,0.002360053,0.001335642,0.000987426,0.000405844,0.000203668,0.000136443,3.18E-05,1.74E-05,9.96E-05,0.000299357,0.000331903,0.00030377,0.000361408,0.000462198,0.000365799,0.000614291,0.020045919,0.021255671,0.013614408,0.00668311,0.005736335,0.00320293,0.002368096,0.001043322,0.000608508,0.000305796,0.000148564,8.13E-05,0.00012248,0.000170048,0.000199041,0.00115066,0.044610891,0.045111981,0.030820076,0.012233996,0.012102228,0.006397041,0.004721694,0.002162353,0.001136539,0.000580198,0.000283827,0.000152759,0.990735295,1,0.721057882,0.34338451,0.322670883,0.142165379,0.113511981,0.045451613,0.026082493,0.013047489,0.005425813,0.002231731,0.000171922,0.000169126,0.000127225,2.02E-05,4.42E-05,-5.11E-06,-2.08E-05,6.17E-06
BUV395,0.155062412,0.436144468,1,0.719698949,0.36562187,0.14382561,0.067062704,0.036168291,0.018706889,0.008776872,0.004009645,0.002240072,0.00139552,0.000847774,0.000557677,0.000365377,0.000199827,0.000122221,-2.32E-05,-1.73E-05,-1.17E-05,-2.88E-06,0.002069328,0.00222036,0.00124114,0.000690813,0.00070297,0.000393709,0.000350203,-2.08E-05,-0.00011104,-0.000238873,-0.000198434,-0.000109551,-0.000274082,-0.000228583,-0.000143832,-9.34E-05,-0.000286095,-0.000117209,-7.95E-05,-3.48E-05,3.78E-05,7.80E-05,-4.98E-05,-3.52E-05,8.59E-05,0.000100412,0.000122525,-3.05E-05,0.000117085,0.000291009,9.74E-05,6.86E-05,8.44E-05,9.55E-05,0.000149407,6.45E-05,0.000129149,0.000618014,0.000725871,0.000374561,0.000652149,0.000207311,0.000295273,0.000189541,0.000130732,6.72E-05,7.37E-05,0.000124791,0.000627251,0.000468846,0.000238223,0.000205964,0.000183662,-2.39E-05,-6.51E-05,-7.58E-05
BUV496,0.02574321,0.082858259,0.286271846,0.252949014,0.239188948,0.426339755,1,0.805941436,0.556791103,0.322738612,0.17569948,0.107719883,0.076548398,0.037220124,0.022613494,0.014150985,0.010072948,0.003843985,0.00205848,0.001207255,0.000383333,0.000208591,0.000862787,0.002448581,0.013517158,0.050813032,0.134576604,0.119003742,0.073606075,0.048166228,0.027856659,0.018475124,0.012840288,0.005760823,0.003944846,0.002358847,0.001719281,0.000767728,0.000450507,0.000234706,0.000117962,5.32E-05,0.036482732,0.033599175,0.023432396,0.01563942,0.007728036,0.00507227,0.003845012,0.001446383,0.001105683,0.000616876,0.000435126,0.000222424,9.44E-06,8.20E-05,-4.06E-05,1.67E-05,0.000188488,0.000163786,0.000213275,0.000157253,9.37E-05,3.55E-05,0.000118018,5.99E-06,4.00E-05,5.65E-05,-0.000117694,-6.56E-05,2.11E-05,0.000157452,0.00013512,9.97E-05,8.81E-05,8.12E-05,2.58E-05,-1.59E-05
BUV563,0.042589306,0.105294665,0.226598172,0.158183205,0.076287779,0.026805364,0.010539895,0.006628057,0.087813806,0.469699811,1,0.553121807,0.408101874,0.234620608,0.11921108,0.073918837,0.052494851,0.017416582,0.008464549,0.004779973,0.001817112,0.000900836,-8.61E-07,-0.001595406,-0.001888664,-0.001868223,-0.002877953,-0.002662896,-0.000800218,0.01071671,0.031551014,0.018442205,0.012652666,0.006285101,0.002832106,0.001128217,0.000782955,5.34E-05,-0.000193194,-0.000338011,-0.000319492,-0.000572838,-0.000853541,-0.000569101,0.011251698,0.087339079,0.185454646,0.103533531,0.084433461,0.034991181,0.022072495,0.013256279,0.008840466,0.003554611,0.001385461,0.000593615,0.000283592,0.000333823,0.813295624,0.488218084,0.372427177,0.206837926,0.127599039,0.06705843,0.048350121,0.015345393,0.008674371,0.004186899,0.001828197,0.000324643,-0.000211282,-0.000261289,-0.000570768,-0.000672567,-0.000613777,-0.000607122,-0.000582172,-0.00030799
BUV615,0.026704853,0.063581794,0.13821306,0.09794652,0.049682759,0.020034111,0.010460179,0.006227053,0.003614017,0.002307183,0.038275615,0.237325081,0.748129222,0.671126787,0.44678621,0.372396424,0.281508581,0.093372053,0.05156883,0.028610412,0.010241585,0.004529507,0.000412179,0.000505166,0.000411342,0.000286505,0.000322236,0.000349808,0.000283899,0.000254209,0.003516944,0.022424765,0.087121748,0.069084599,0.044170369,0.036915218,0.028419061,0.010278675,0.007063461,0.003374529,0.001414582,0.000646515,8.64E-05,0.000121609,0.000152482,0.000197457,0.002805443,0.015173937,0.058223128,0.034856651,0.027089507,0.020765084,0.016125159,0.005996862,0.003541161,0.00184228,0.000776868,0.000372766,0.040406955,0.301320153,1,0.837109447,0.684024884,0.513326457,0.395518208,0.128178895,0.082281939,0.041253965,0.014455205,0.006313123,0.026240038,0.028450589,0.021403798,0.009501402,0.005452227,0.003271501,0.001422597,0.000604787
BUV661,0.013990621,0.045452013,0.164045247,0.146982007,0.08683599,0.039153537,0.022348746,0.013699456,0.008274226,0.004442075,0.002596415,0.002671686,0.013706665,0.065084541,0.782978289,0.63047953,0.454232143,0.203669022,0.096119179,0.050236791,0.019590492,0.008482651,0.001537678,0.003243011,0.003258353,0.002551608,0.002756213,0.002894319,0.001865136,0.001391998,0.00122288,0.001032857,0.001589517,0.004030339,0.057306758,0.046808467,0.032698508,0.01557702,0.008769745,0.003716021,0.001347032,0.000548655,0.000433364,0.000733416,0.001166633,0.001183646,0.00140035,0.001187607,0.001604521,0.001507068,0.015968894,0.012009229,0.008528105,0.004171434,0.002221171,0.000830484,0.000397272,5.32E-05,0.000711092,0.001250073,0.008376222,0.025650787,0.386521858,0.267334093,0.193370313,0.085696819,0.047571027,0.022004061,0.008579705,0.003462021,1,0.967929604,0.625188941,0.331168822,0.161051474,0.081346283,0.036149144,0.01343875
BUV737,0.027887831,0.089150846,0.325270266,0.27284672,0.162785178,0.067133187,0.035232892,0.020758509,0.008675335,0.009412237,0.002861997,0.00088513,-0.00068422,0.002827293,0.008002185,0.022404715,0.255445224,0.969827276,0.87832239,0.424370233,0.227940876,0.097381998,0.002337053,0.004054927,0.007118731,0.002922984,0.001292736,0.009118022,0.004747194,0.004256388,0.008217019,0.004618537,0.010313818,0.003955146,0.001714155,0.004154568,0.019668749,0.077482784,0.086409772,0.032590932,0.015166468,0.008939145,0.003192147,0.00777784,0.008985161,0.011325176,0.006968837,0.002466184,0.004100259,0.007572915,0.000883246,0.005526595,0.045812701,0.189008645,0.175874515,0.078784924,0.048754731,0.017793455,0.004258845,0.006473189,0.008073624,0.011791656,0.009091803,0.003094112,0.024508114,0.077584398,0.079911924,0.034909186,0.015621883,0.004020796,0.005809414,0.025905929,0.260266343,1,0.883424637,0.439859127,0.266180077,0.111543537
BUV805,0.169828348,0.445262542,1,0.714428863,0.365215127,0.147531416,0.075354982,0.045742555,0.026993698,0.015103772,0.010928386,0.008686483,0.007778582,0.004680892,0.00419501,0.003620496,0.004257292,0.004265558,0.041065701,0.601861235,0.70191723,0.181068902,0.003949306,0.004765603,0.002925417,0.001931512,0.001867947,0.001977957,0.001651764,0.000932879,0.00133423,0.000918171,0.000742335,0.000402865,0.000341153,0.000408981,0.000354286,0.000458608,0.001684617,0.025446953,0.031909546,0.008988693,0.000495383,0.000952998,0.000932029,0.001343215,0.001383902,0.001672604,0.001334408,0.000535687,0.000828581,0.000684677,0.000592193,0.000480566,0.000749321,0.007025364,0.010091343,0.002900315,0.001690157,0.002434571,0.003090143,0.002063212,0.001898384,0.001173781,0.00148959,0.001066508,0.003301946,0.0295907,0.035359179,0.009473962,0.001014336,0.001670114,0.002672924,0.003767374,0.021195494,0.238268157,0.304235059,0.0770372
BV421,0.000277835,0.001289912,0.388089559,0.297061808,0.208041209,0.077406043,0.040968232,0.025775658,0.015067798,0.007446448,0.003608299,0.002097624,0.001647248,0.000786369,0.000410305,0.000623275,0.00050791,0.000268938,4.83E-05,0.000202474,-3.03E-06,-7.12E-06,1,0.735801635,0.503178693,0.171481234,0.091132581,0.062748631,0.027600493,0.015368195,0.009188358,0.00553261,0.004078723,0.001717334,0.00144601,0.001041422,0.000840507,0.000164037,0.000228658,-3.15E-05,-2.70E-05,9.23E-05,0.000795976,0.001352756,0.001545981,0.001326091,0.001281826,0.001156044,0.001037582,0.000520546,0.000768395,0.000536222,0.000307357,0.000291737,0.000179741,9.34E-05,-3.45E-05,-3.08E-05,0.000326333,6.69E-05,0.00048253,0.000345132,0.000575803,0.000218252,0.000264836,0.000189807,-0.000100929,-5.45E-05,-6.90E-05,-4.04E-06,7.58E-05,0.000376133,5.62E-05,-0.000111853,0.000152682,0.000247577,7.69E-05,0.000178417
BV480,0.00010155,0.000144707,0.002066238,0.007673498,0.143045295,0.300321455,0.271433069,0.25207858,0.153678956,0.093639596,0.056148602,0.035111542,0.026620957,0.014549543,0.009145993,0.007110181,0.005008081,0.002271506,0.001175066,0.000745369,0.000337845,0.000232147,0.000566378,0.023070339,0.416345546,1,0.897528078,0.936715146,0.508580852,0.339173977,0.209775059,0.136354647,0.099692336,0.047002677,0.031341763,0.020590796,0.014650789,0.006606863,0.004647058,0.002697365,0.001273664,0.000639125,0.041884279,0.045425429,0.030474402,0.02036224,0.012151028,0.007984197,0.007440631,0.002937275,0.002396072,0.001479495,0.001044868,0.000311528,0.000265283,9.88E-05,-2.08E-05,2.47E-05,3.77E-05,-1.29E-05,2.18E-05,-2.43E-05,7.25E-05,5.61E-05,-4.44E-05,-3.04E-05,-4.02E-05,-0.000122924,1.15E-05,-3.90E-05,0.000189762,4.20E-05,3.34E-05,6.76E-05,-7.76E-05,-5.10E-06,-3.50E-05,3.94E-05
BV510,0.0046507,0.013144556,0.062389517,0.096070339,0.186168222,0.240956623,0.51816767,0.554634928,0.500772948,0.367770599,0.30087718,0.220166799,0.186022266,0.106819088,0.082253973,0.058241436,0.046129499,0.019432656,0.011090268,0.007257394,0.002960969,0.001269667,0.00358375,0.047603723,0.217526119,0.357996605,0.820879957,1,0.8397154,0.665229112,0.577057107,0.441385231,0.352435393,0.189857021,0.154059666,0.109915835,0.085389488,0.038677097,0.026113856,0.013995927,0.0060433,0.003217746,0.00409307,0.006864454,0.007824334,0.00836604,0.0079008,0.006530187,0.006633346,0.003297547,0.003559202,0.002767733,0.002219723,0.001474384,0.000906558,0.000751151,0.000532623,0.000383988,0.001129505,0.001249638,0.001797292,0.00136566,0.001968431,0.001582703,0.001526601,0.000977402,0.00085713,0.000717254,0.000252438,0.000141937,0.001555826,0.001537422,0.001669811,0.00118342,0.00116119,0.001204532,0.000654567,0.000118929
BV570,0.000219317,0.000497964,0.047634222,0.037443062,0.026103693,0.010566929,0.006913732,0.005527028,0.005541788,0.022016026,0.26034894,0.157298417,0.128783258,0.092493818,0.052742802,0.037885384,0.027584925,0.009729525,0.005137826,0.002899586,0.001316462,0.000757409,0.29035546,0.208473144,0.135246005,0.049240741,0.024118216,0.018411155,0.014903865,0.084786733,1,0.621335168,0.511342808,0.3304511,0.199784958,0.143069828,0.102693397,0.038257106,0.024921085,0.01193853,0.004876762,0.002518426,0.000527442,0.000431864,0.001626638,0.013613076,0.145416748,0.086822926,0.080785611,0.041157837,0.029387708,0.019017425,0.01378709,0.005564199,0.002765249,0.001499483,0.000641017,0.000448286,0.744008797,0.482049369,0.429966305,0.283804218,0.191751844,0.118568956,0.081427255,0.028921751,0.019174657,0.009388107,0.003534509,0.001524786,0.000181165,7.45E-05,-8.56E-05,-5.81E-05,-0.000257462,0.000338926,0.000110205,-5.87E-05
BV605,6.66E-05,0.000165173,0.017039736,0.013093287,0.008653609,0.003403736,0.001983068,0.001312799,0.000875046,0.000877763,0.027993386,0.179282719,0.339969018,0.163601036,0.184688585,0.130145294,0.091947201,0.043716046,0.02318892,0.01295263,0.005781269,0.002401916,0.112830699,0.085415817,0.054152806,0.019487119,0.009650527,0.006741628,0.003438602,0.002770946,0.091319804,0.57646343,1,0.443747619,0.541662551,0.37283205,0.259335673,0.130090527,0.083355666,0.039654969,0.018828315,0.008686016,-5.93E-05,5.52E-05,6.78E-05,0.000141566,0.008555179,0.048440793,0.090908721,0.03370189,0.046221967,0.030316715,0.021843139,0.012333259,0.006829478,0.003597098,0.001710562,0.000767347,0.05149864,0.365922297,0.750316631,0.331021445,0.448518566,0.26788812,0.188785525,0.08849458,0.055947339,0.027986104,0.011917009,0.005292273,0.006822618,0.006447147,0.003846297,0.00243613,0.0013302,0.000770712,0.000495467,0.000212455
BV650,7.19E-05,0.000148515,0.02193743,0.018914287,0.013584692,0.004805564,0.003217625,0.001744293,0.000882383,0.000555992,0.000818655,0.002903895,0.023843612,0.094400561,0.334458582,0.2341134,0.189044696,0.074932163,0.036349397,0.020525607,0.008551242,0.003871872,0.119005902,0.094903474,0.063632184,0.023752863,0.012031317,0.008574517,0.004045866,0.002585677,0.003142982,0.011685274,0.08318455,0.275406991,1,0.693051287,0.543405486,0.22845808,0.132829828,0.06246497,0.025448468,0.011961155,-5.74E-05,9.89E-05,0.000214641,0.000145884,0.00027228,0.000310155,0.001857225,0.004219533,0.015510765,0.010790461,0.008391863,0.004458274,0.002440985,0.001286606,0.000508018,0.000193871,0.000423181,0.002985764,0.029295279,0.083803004,0.37214291,0.226608927,0.180630902,0.071535535,0.043131612,0.020837813,0.00903548,0.00428986,0.397788706,0.359157279,0.250166863,0.128556351,0.065555879,0.035241265,0.015367327,0.007109768
BV711,-0.001715366,-0.004672527,0.025430772,0.010035979,0.005929257,-0.001940357,-0.004359395,-0.006184079,-0.005983259,-0.004993178,-0.003932685,-0.003316934,-0.001504156,-0.000942013,0.004131807,0.046576748,0.391934411,0.364797205,0.169637317,0.123751531,0.047719719,0.019031576,0.215583148,0.16512495,0.104888372,0.040421847,0.016662744,0.010836052,0.001821991,-6.29E-05,-0.001933842,-0.001780501,-0.001614238,-0.000431341,0.010301809,0.118520594,1,0.929937407,0.531973157,0.319523826,0.13810595,0.054286654,-0.003443398,-0.005221146,-0.006043473,-0.004950429,-0.002689077,-0.002044843,-0.002425707,0.000516618,0.000965433,0.007106937,0.079826131,0.078291059,0.037634838,0.023909364,0.011838077,0.005068886,0.002081868,0.001734909,0.003959422,0.002255812,0.005080128,0.021285917,0.165611412,0.135755045,0.075302623,0.046529596,0.018357744,0.005734601,0.013904698,0.106840145,0.786367843,0.812226978,0.388617479,0.276032295,0.120013454,0.043130474
BV750,0.000967199,0.001545733,0.03037369,0.028354806,0.021940517,0.011600943,0.011176037,0.010220252,0.007734934,0.006176372,0.005246274,0.003661005,0.003081715,0.002044249,0.001050161,0.0024864,0.009929914,0.086930631,0.269786493,0.16038722,0.064660918,0.036134702,0.123963372,0.095650778,0.06085778,0.023353064,0.013248446,0.01277571,0.008584189,0.006942773,0.007743742,0.007152425,0.005841169,0.003670164,0.003251532,0.004464472,0.032386988,0.310400793,1,0.484508164,0.222863875,0.126603182,0.002037641,0.003004216,0.003540623,0.00376347,0.002688286,0.002236972,0.001992513,0.000853143,0.000148579,0.000346918,0.002007659,0.018997311,0.059231862,0.029878031,0.014621696,0.008393548,4.28E-05,0.00033966,0.000208842,0.000916951,0.000316941,-0.000409552,0.000701898,0.011487184,0.039455855,0.020576365,0.007852056,0.003918146,0.000655128,0.0013808,0.011263058,0.088429363,0.242346355,0.139754402,0.063357713,0.032404287
BV786,0.002518015,0.004004677,0.044330635,0.038569469,0.029240938,0.012309229,0.011037558,0.008387346,0.005985126,0.004511451,0.002167241,-0.000548179,-2.01E-06,0.000259337,-0.001363789,-0.001674726,-0.000598338,0.0075654,0.114132131,0.295397911,0.128009111,0.041317093,0.197150223,0.14847865,0.09046263,0.035742431,0.014987071,0.012448034,0.00606352,0.005348921,0.001157508,0.000967734,0.000564166,0.001697809,-0.000199851,0.000546267,0.001383179,0.034703487,0.462411736,1,0.470353868,0.164449476,0.000691519,0.001586386,0.000416666,0.001302094,-0.000345145,0.000751403,0.001117132,-0.000716724,0.001110514,0.001025949,0.000929866,0.002219902,0.014599158,0.031084959,0.01663921,0.007345034,-0.001333204,-0.00086591,-0.000398334,0.000594893,0.000724401,-0.001319192,0.000343549,0.001180001,0.022139231,0.053310947,0.025126318,0.008136905,0.002107731,0.002320906,0.000180078,0.008615782,0.115646986,0.261812124,0.131062751,0.042906547
FITC,0.004328648,0.004938496,0.01414154,0.015321848,0.011137544,0.005678434,0.035342479,0.077826878,0.056942761,0.033437095,0.018803246,0.010190867,0.007418821,0.003698084,0.002035957,0.001652652,0.001595212,0.000460084,0.000103822,0.000209058,0.000128974,-0.000205841,0.000625821,0.001597822,0.001378941,0.001346554,0.020400674,0.047627064,0.034102545,0.020740334,0.013589454,0.008181704,0.006149917,0.002954368,0.001982029,0.001696475,0.001293599,0.000793635,0.000207309,0.000335241,0.00021138,0.000317195,0.419977857,1,0.746512055,0.538220765,0.266937672,0.146041102,0.09945739,0.036285193,0.025283639,0.014175043,0.010199471,0.004271606,0.002583221,0.001265922,0.000694412,0.000382857,0.004201287,0.003598876,0.00348705,0.001822001,0.002306818,0.001495857,0.001768491,0.000585143,0.000477372,0.000236481,0.000241887,4.69E-05,0.000507144,0.001204009,0.000754485,0.000349486,0.000492945,-0.000230905,-0.000545288,-8.42E-05
NovaFluor Blue 555,0.000297984,0.000223922,0.001470525,0.002489908,0.002607387,0.001471559,0.002262673,0.002965463,0.007057151,0.019613955,0.017033739,0.00983664,0.007951448,0.003914298,0.002169977,0.001727647,0.000987852,0.000343457,6.31E-05,0.000306827,6.80E-05,0.000127471,0.000267758,0.001703454,0.001664135,0.002090899,0.005344253,0.006958186,0.008856118,0.021491794,0.01997562,0.012082582,0.009278945,0.004349781,0.002329845,0.001597948,0.00129022,0.00073551,7.47E-05,3.20E-05,-8.91E-06,-0.000161693,0.171165185,0.281764158,0.356093933,1,0.780744135,0.439530454,0.39115836,0.138259517,0.087698275,0.049169717,0.031009453,0.01149383,0.005740532,0.002663352,0.00115284,0.000535645,0.17160523,0.104286169,0.089754046,0.045944326,0.027199935,0.015825325,0.010114139,0.003605309,0.001955133,0.000983871,0.000387701,0.000274124,7.62E-05,5.75E-05,0.000444949,3.65E-05,0.000237266,0.000109182,-1.00E-05,0.000415472
NovaFluor Blue 585,3.10E-05,2.15E-05,0.000141951,0.000207983,0.000181311,0.000119627,0.000938624,0.001649233,0.003176234,0.007060798,0.025642113,0.026705733,0.026650276,0.016923774,0.014374484,0.01043497,0.008260735,0.003559143,0.001983884,0.001235331,0.000597176,0.000291197,6.75E-05,0.00015952,0.000213865,0.000192294,0.002865978,0.004765152,0.003741905,0.007092655,0.021329847,0.022640749,0.021044336,0.012527143,0.011181664,0.008260445,0.006390416,0.002820722,0.001969357,0.001062919,0.000463302,0.000247501,0.193317956,0.337134429,0.275439446,0.386298155,0.914861873,0.921453616,1,0.447772296,0.488909825,0.319285166,0.253225896,0.112464396,0.065147218,0.035583722,0.017119501,0.008411045,0.095837891,0.121764353,0.145833211,0.089425215,0.102323198,0.065143812,0.052091685,0.022094675,0.014837263,0.008238907,0.00348537,0.001632552,0.000841125,0.000959994,0.000792245,0.000543499,0.000326315,0.00023399,0.000119783,5.92E-05
Pacific Blue,-0.00010301,5.42E-05,0.007163739,0.077616512,0.111055627,0.05736003,0.034700503,0.020258628,0.011240207,0.005828477,0.002757412,0.001550818,0.001098781,0.000529822,0.000374144,0.00027872,0.00017078,0.00010132,0.000112347,7.05E-05,9.73E-06,2.38E-05,0.064035206,0.73765871,1,0.499444814,0.295261054,0.190005259,0.095388334,0.051878448,0.025642234,0.015688757,0.010301134,0.004632559,0.003144731,0.002071258,0.001634907,0.000648063,0.000574494,0.000286746,0.000113632,1.90E-05,0.000174163,0.000108624,0.000178507,0.00020008,0.000210709,0.000126655,-4.72E-05,3.86E-05,3.08E-05,-2.33E-05,-0.000141706,-8.41E-05,-7.90E-05,1.89E-06,4.22E-05,6.06E-06,-1.87E-05,1.40E-05,-1.36E-05,-8.10E-07,6.83E-05,4.78E-05,-8.88E-05,-1.11E-05,-2.61E-06,8.14E-05,-3.35E-05,-5.00E-05,6.71E-05,4.83E-05,0.000131068,0.000100748,2.97E-05,-3.35E-05,-2.49E-05,1.70E-05
PE,-2.61E-05,0.000390944,0.001827021,0.002832076,0.003373457,0.002032108,0.002548173,0.002608523,0.002594297,0.003803303,0.069115203,0.036031401,0.022245262,0.015406249,0.007430698,0.004611451,0.003613023,0.001282195,0.000532596,0.000329361,-3.03E-05,7.77E-05,0.000137558,0.000653357,0.001341907,0.001388297,0.001691239,0.002132899,0.001731379,0.003451621,0.071079549,0.038836984,0.024428274,0.014932726,0.008036631,0.005265603,0.004059479,0.001442782,0.001115312,0.000705427,0.000357121,0.000253582,0.00102926,0.000974022,0.002886211,0.020906487,0.534797765,0.271988898,0.189341578,0.091761615,0.057549267,0.032623519,0.024656984,0.00880687,0.004280949,0.002474737,0.00095907,0.000580346,1,0.557143957,0.360126659,0.222197661,0.132157886,0.0689043,0.053655912,0.016211991,0.009534406,0.004891798,0.001719957,0.000563946,0.001036745,0.000666287,0.000704215,0.000687466,0.000272627,0.000163581,-1.80E-05,-0.000197751
PE-CF594,0.000279773,0.000409268,0.00101402,0.000931472,0.000656506,0.000358789,0.000329602,0.00021748,0.000229179,0.000321369,0.003017724,0.008606218,0.034355267,0.026689723,0.014218532,0.013687083,0.010800909,0.003825438,0.002439253,0.001509553,0.000555446,0.000220985,4.17E-05,-8.95E-05,-4.34E-05,-5.99E-05,-3.40E-05,5.11E-05,3.90E-05,0.000206426,0.003466493,0.011136519,0.041765683,0.029335149,0.016817095,0.01575517,0.011945152,0.004431024,0.003314213,0.001676493,0.000610483,0.000257026,0.000514774,0.000422414,0.000590835,0.002360426,0.03274684,0.079399891,0.359345971,0.210564545,0.136344607,0.12020175,0.096026035,0.033359562,0.023921401,0.012716089,0.00502437,0.002554112,0.087935727,0.225033856,1,0.729396752,0.449157903,0.368647457,0.306896147,0.099286588,0.074581214,0.040064198,0.013721605,0.006483508,0.002507452,0.003144528,0.002530888,0.001110735,0.000721472,0.000372494,0.000177209,3.88E-05
PE-Alexa Fluor 610,0.000171657,0.000310904,0.00056561,0.00021903,-0.000145605,-0.000315237,-0.000380322,-0.000368449,-0.000165597,-2.52E-05,0.002116334,0.00199832,0.015647283,0.05174117,0.04716877,0.030045128,0.031069545,0.011555644,0.005240507,0.003372424,0.001257466,0.000423489,0.000126911,0.000202606,0.000404296,0.000364808,0.000578579,0.000603754,0.000479856,0.000581419,0.00277118,0.002903906,0.022860877,0.061959398,0.059290658,0.037507983,0.038111966,0.014928961,0.008110083,0.00444491,0.001689752,0.000681771,0.001925453,0.001491762,0.00153105,0.003802837,0.031065925,0.023938888,0.178490016,0.335968848,0.384350406,0.220053077,0.229835029,0.090387244,0.042261289,0.024851635,0.01012142,0.004019972,0.082155796,0.061584256,0.389539531,0.903573019,1,0.53316573,0.560722756,0.198080906,0.103614029,0.060988962,0.022214528,0.008421855,0.105316698,0.089371758,0.080868311,0.0389599,0.01811896,0.011495071,0.004797257,0.001824524
PE-Alexa Fluor 700,0.002023604,0.005411534,0.024822649,0.029450628,0.023595822,0.01335741,0.012212645,0.01006891,0.007801626,0.005835286,0.019549121,0.010922366,0.007421307,0.005158047,0.003637608,0.00630655,0.04321093,0.059098957,0.029710247,0.017343906,0.007231356,0.002873785,0.000512434,0.001637892,0.002342213,0.002110386,0.003299286,0.004093621,0.003343901,0.003453903,0.021472996,0.012166877,0.008338892,0.005102768,0.003767598,0.006928627,0.050611674,0.071071108,0.043215877,0.021027456,0.010054752,0.004078103,0.001881812,0.002469257,0.003482129,0.010324125,0.16599848,0.083173069,0.060053181,0.029862486,0.022600229,0.040677247,0.308691963,0.431793766,0.225546068,0.1181152,0.057783018,0.023367577,0.373307694,0.202888104,0.138468584,0.087584448,0.061770133,0.103718662,0.85592264,1,0.563509727,0.293013135,0.123108755,0.047857123,0.002818604,0.020271394,0.183446009,0.268219475,0.13534665,0.076785554,0.036725112,0.012930376
PE-Cy5,0.000123332,0.00013597,0.000690878,0.000710434,0.000416216,3.50E-05,-0.000196952,-0.000393354,-0.000440058,-0.00027805,0.000302459,9.89E-05,-0.000104078,0.000126095,0.021512764,0.039934754,0.024839783,0.009975865,0.006115483,0.002799709,0.001128486,0.000468761,0.000127276,0.000599469,0.000599675,0.000425937,0.000173651,0.000220974,-3.44E-05,1.28E-05,0.000757644,0.000338017,9.23E-05,0.00019153,0.024915219,0.045583397,0.027759872,0.012038927,0.008666029,0.003499259,0.00140741,0.000719609,0.000372565,0.000327143,0.000402759,0.001353854,0.009581336,0.005167951,0.004016309,0.002884433,0.219557515,0.383285591,0.243651661,0.107416049,0.065236205,0.028574811,0.012909665,0.005732653,0.022416754,0.012935318,0.009406252,0.008744882,0.613456189,1,0.618277269,0.249902507,0.172965283,0.073132218,0.028776556,0.012606204,0.24867913,0.459103507,0.257191306,0.127760004,0.078890011,0.036541196,0.016176182,0.006481263
PE-Cy5.5,0.000553735,0.00072312,0.001902439,0.00148324,0.001135716,0.000607126,0.001223989,0.001460241,0.000825988,0.000853584,0.008664434,0.005786054,0.004770891,0.003155662,0.004384154,0.028376252,0.076544184,0.033644259,0.018034991,0.013844068,0.005536101,0.002380204,0.001441008,0.002239538,0.002486621,0.002679975,0.003405386,0.003857227,0.002329225,0.003155896,0.011499155,0.008213137,0.00683931,0.004319904,0.005705481,0.02868249,0.069827016,0.035973935,0.026457572,0.016721011,0.006841552,0.004500299,0.003567073,0.004358143,0.004541702,0.010316372,0.067069095,0.045169285,0.038387315,0.019644008,0.030499889,0.142418876,0.416747202,0.184317556,0.116554974,0.080059428,0.038866925,0.021207764,0.137071472,0.089288903,0.072035505,0.053721556,0.085403136,0.342963145,1,0.395861977,0.276985763,0.188471127,0.072285295,0.036806844,0.015022099,0.078633102,0.223341096,0.110966728,0.068599568,0.051547653,0.024554677,0.010679066
PE-Cy7,3.26E-05,0.000167678,-0.000769405,-0.000377862,-0.000513777,0.000390498,0.001151833,0.001190191,0.001271016,0.001268499,0.003021292,0.002047093,0.001827766,0.001540867,0.001004535,0.000991785,0.00128344,0.00109573,0.012448785,0.038801775,0.016020773,0.005901095,0.000400934,0.001674808,0.002193214,0.002169532,0.003417726,0.002718757,0.002576087,0.002206716,0.003428938,0.002326122,0.001982679,0.001168853,0.001064229,0.000893514,0.00055958,0.001306705,0.01792817,0.049210986,0.021666895,0.007823314,0.00265183,0.002333825,0.00273119,0.006025177,0.022385998,0.013180658,0.010214494,0.004733951,0.003617864,0.002119752,0.001967444,0.006987491,0.143702397,0.375385703,0.169870144,0.061259477,0.047697746,0.029506115,0.021325232,0.013100046,0.00970697,0.005701558,0.006547848,0.018081286,0.372223541,1,0.400598773,0.137694422,0.002191014,0.002053081,0.002376857,0.003915244,0.050467791,0.145736926,0.067078923,0.022156654
PE-Fire 640,0.000485323,0.000681974,0.002211176,0.00211792,0.001907113,0.000993942,0.001192017,0.001120241,0.00095598,0.000783667,0.001748842,0.001070317,0.001855266,0.011193904,0.03885692,0.023852741,0.020374007,0.010697895,0.005332843,0.003151415,0.001549113,0.000610345,0.000289112,0.000234272,0.00054072,0.000563134,0.000463705,0.000760805,0.000792214,0.000659762,0.001984588,0.001410376,0.003001059,0.01281146,0.046853048,0.028341764,0.02475726,0.013887633,0.007814359,0.003820126,0.001869042,0.00070449,0.001603184,0.001801376,0.001825311,0.003581871,0.018024704,0.011060581,0.027005806,0.082618377,0.362714331,0.199871702,0.177632403,0.096850898,0.048608452,0.025958257,0.012963377,0.005610414,0.045849528,0.029163999,0.058607436,0.231771414,1,0.513756263,0.466737699,0.232786907,0.129770898,0.068481642,0.030137687,0.011976193,0.255615463,0.205875072,0.155699887,0.100201981,0.050630088,0.028866354,0.014607187,0.006021644
PE-Fire 810,0.000837036,0.001472007,0.005374104,0.006415841,0.005727945,0.003511635,0.003869339,0.003532479,0.003000245,0.002882519,0.021871129,0.011585939,0.007516251,0.005117503,0.002904505,0.003519893,0.007967476,0.003577941,0.00341192,0.023764691,0.039577639,0.015996844,0.000428529,0.001180157,0.00148693,0.001423791,0.002015235,0.002342416,0.001945694,0.002580472,0.024887149,0.013735893,0.00887379,0.005503073,0.003295803,0.003799286,0.008834625,0.00413492,0.005035643,0.032214612,0.057018842,0.025332886,0.002554536,0.002531077,0.003662311,0.014292868,0.243077051,0.123238449,0.086512848,0.041996266,0.028622376,0.029309277,0.070488268,0.033095506,0.036801332,0.225063936,0.421774129,0.184362339,0.557582124,0.307693197,0.207564385,0.127865117,0.081169786,0.079930708,0.195886358,0.080691197,0.095530191,0.585637496,1,0.428023262,0.001109232,0.007822808,0.026484073,0.013915399,0.011219761,0.050998063,0.090893741,0.03522652
PerCP,3.58E-05,-0.000807138,-0.001408041,-0.00276705,-0.002509483,-0.001729129,-0.000429983,0.000275235,0.000340103,0.000606213,0.000705301,0.000596113,0.000348584,0.000494648,0.033932027,0.598693692,0.185242883,0.081540993,0.071896178,0.019071385,0.009548446,0.005045866,0.000250159,0.001683583,0.002487902,0.002036816,0.003408156,0.005094018,0.00403879,0.003821229,0.004802165,0.003242243,0.003005652,0.002013942,0.047086581,0.760916022,0.230235122,0.11651901,0.114748239,0.028386794,0.014787396,0.008629144,0.002111098,0.003020571,0.004055044,0.005204959,0.004629311,0.00347432,0.003955253,0.002322008,0.060099642,1,0.304001567,0.15696228,0.138157583,0.039485466,0.025057944,0.01514727,0.00181624,0.000751833,0.001895486,0.001560031,0.053506686,0.830186559,0.236638422,0.115979667,0.115591639,0.027832213,0.014484976,0.0066563,0.035210294,0.584197337,0.158344952,0.090565823,0.076896075,0.020446579,0.011151586,0.004872573
PerCP-Cy5,0.011685595,0.01633098,0.061068376,0.080699171,0.068065333,0.042908929,0.052713577,0.052230537,0.046825592,0.038186267,0.036802658,0.031180014,0.032128052,0.021110355,0.049262374,0.327842744,0.425547382,0.196926731,0.132984605,0.091363667,0.036025041,0.017601411,0.006829736,0.026805942,0.03899175,0.035963491,0.053906037,0.06330248,0.054414671,0.045555033,0.047658185,0.042781216,0.042181375,0.025435012,0.070646121,0.520558927,0.732547838,0.352511989,0.280917299,0.167560009,0.071867123,0.036697065,0.013354869,0.024007042,0.030709383,0.040268859,0.04234464,0.038932305,0.041955514,0.021246724,0.08128677,0.606573802,0.904401909,0.45875956,0.336243846,0.205929608,0.091828232,0.047784845,0.027621554,0.029105024,0.03723977,0.027517402,0.07797528,0.51716021,0.827241505,0.353688181,0.268019334,0.167553721,0.064016595,0.030173589,0.036027673,0.502020402,1,0.520425762,0.342863911,0.229662781,0.09847188,0.043772687
PerCP-Fire 806,0.000666058,-0.000453554,-0.002287545,-0.007335299,-0.008924417,-0.006112126,-0.008732059,-0.008069151,-0.00765885,-0.005171179,-0.003878055,-0.002650492,-0.002466132,-0.002294883,0.000454125,0.03054783,0.010398387,0.00488365,0.008646053,0.069792955,0.120031652,0.049759408,-0.000590987,-0.00143096,-0.000263815,-0.000170299,-0.000397191,0.00089888,-0.001155732,-0.001178743,-0.000939544,-0.000461268,-0.001072998,-0.000737285,0.004278054,0.065448496,0.023394296,0.012671473,0.030587475,0.259402402,0.481706274,0.214487545,-0.000893659,-0.001495153,-0.002075814,-0.001219352,-0.001395682,-0.000232084,-7.70E-05,0.00042132,0.007641852,0.118013365,0.042772978,0.026168256,0.06000787,0.510322912,1,0.439836085,0.00140688,0.00198701,0.003434774,0.002959057,0.005808451,0.073232759,0.026380429,0.012586195,0.033863858,0.253755873,0.449729322,0.191730837,0.004236691,0.036785241,0.017896715,0.010963869,0.020377682,0.183667163,0.363430591,0.14093422
Qdot 605,0.000217774,0.000520775,0.006055358,0.008091069,0.007076409,0.003327553,0.003640361,0.003308066,0.003212634,0.003114538,0.060390943,0.263270246,0.835315492,0.529692883,0.069184656,0.018020792,0.008432059,0.00310988,0.000881757,0.00094004,0.00024054,0.000184328,0.000241663,0.001270665,0.001435173,0.001499008,0.0023166,0.002963786,0.002531845,0.003084151,0.071019986,0.323932864,1,0.542136571,0.073104051,0.018833933,0.009308142,0.002809956,0.001959246,0.000882934,0.000331231,0.000235349,0.000154549,0.000241106,0.00039024,0.001194257,0.021972969,0.147346508,0.538863031,0.202147037,0.024299199,0.004349171,0.001705455,0.000502066,0.000303068,0.000329144,0.000318888,0.000211636,0.007745714,0.078457564,0.317055543,0.154269213,0.015755208,0.002350983,0.000661021,0.00011338,0.000128641,0.000145537,0.000125019,8.15E-05,0.000324693,0.000228545,0.000197195,9.57E-05,0.00011466,0.000125569,0.000116872,6.66E-05
Qdot 625,6.41E-06,-2.77E-05,-1.80E-05,-3.28E-05,8.41E-06,7.68E-05,0.000378811,0.000271468,0.000200993,0.000609472,0.01604635,0.065830379,0.413568143,0.974450337,0.319213401,0.057856922,0.015936548,0.003657461,0.001827935,0.001233384,0.000648163,0.000426606,-1.05E-05,5.90E-05,5.11E-05,0.000160662,0.000476205,0.000338453,0.000268388,0.000721617,0.018743615,0.079652054,0.538154681,1,0.312918428,0.05741842,0.015634586,0.003931968,0.002279747,0.001287972,0.000679719,0.000455895,0.00011266,4.87E-06,-8.30E-06,0.000266865,0.00658359,0.035115262,0.369607091,0.538039614,0.183804839,0.025914276,0.006065086,0.001434167,0.000780085,0.000501674,0.000368763,0.000215463,0.003006361,0.018541152,0.231763851,0.445236217,0.133148829,0.015524268,0.003117709,0.000670032,0.000481234,0.000245876,0.00013643,0.000105714,0.020175519,0.005536096,0.000851372,0.000260603,0.000185917,0.000128441,1.82E-05,7.87E-06
R718,0.00061636,0.001012469,0.001342858,0.000186924,-0.000686304,-0.00026221,-0.001390842,-0.001605085,-0.00041165,-0.000508644,-0.000917406,-0.000155424,-0.000563238,-0.000187432,6.98E-05,0.001926735,0.020862442,0.032026634,0.016824127,0.013042834,0.006482411,0.002642114,-1.20E-05,0.000886439,0.001150091,0.001351797,0.001847839,0.001899301,0.001224613,0.001048654,0.000553659,0.000274521,0.000465897,-9.10E-05,0.000224562,0.000522847,0.009382909,0.015345423,0.008589398,0.005542521,0.003008766,0.001113271,0.000830627,-6.00E-05,0.000857213,0.000723014,0.001167189,0.000124597,0.000914542,0.000107678,0.000655078,0.000642832,0.001409952,0.002181166,0.0009924,0.000358618,0.000514139,0.0005989,0.001236224,0.001441171,0.001923915,0.001623668,0.001594479,0.003355488,0.042636535,0.053470068,0.031548794,0.020353471,0.011408558,0.004026483,0.00543515,0.044697018,0.609975652,1,0.51802202,0.376384196,0.235934605,0.089866515
RB545,-3.98E-05,0.000357779,0.001469438,0.0008817,0.000738375,0.000498312,0.003782555,0.010653498,0.050168415,0.061811904,0.040002061,0.028251945,0.021023163,0.010893563,0.007501932,0.004846545,0.003206315,0.001239634,0.00059022,0.00041637,8.02E-05,-0.000106193,-0.000156237,0.000453179,0.000242178,0.00031457,0.002388038,0.01021956,0.048014879,0.06387161,0.045108521,0.034256425,0.025515148,0.011586672,0.008361034,0.00549205,0.004511817,0.001842167,0.001038661,-1.05E-05,-8.21E-05,-0.000410359,0.018607251,0.098854238,0.624796663,1,0.573390718,0.39897831,0.325716306,0.118795646,0.096707585,0.054813948,0.038615637,0.017077181,0.00837264,0.004091059,0.001978542,0.000789885,0.032277613,0.027538833,0.024749018,0.012957204,0.011680071,0.006933861,0.005529754,0.002147006,0.001456006,0.000644282,0.000325136,1.79E-05,-0.000234701,0.000205379,-9.41E-05,9.99E-06,0.000309266,0.000435911,-8.49E-05,-0.000181376
RB613,0.000141733,-0.000300587,-0.001664165,-0.003230352,-0.004168031,-0.002685245,-0.003036274,-0.002853483,-0.002387812,-0.001785507,-6.84E-05,0.01173237,0.065591582,0.059237753,0.030797745,0.024020265,0.014420377,0.004734401,0.002276561,0.001141444,0.000268853,-0.000235641,-8.99E-05,-0.000615207,-0.000462949,0.000127378,0.000486736,0.000564981,0.000174504,-9.34E-05,0.001240319,0.011395479,0.059348363,0.045430908,0.025186922,0.019445435,0.011661486,0.004167405,0.002581339,0.000771227,0.00038036,-3.17E-05,0.002245314,0.005119092,0.0035043,0.002533909,0.020066746,0.177039085,1,0.607877503,0.411473927,0.286693627,0.176476926,0.063157704,0.033895165,0.014803406,0.006621657,0.003163474,0.005238456,0.051503649,0.279838894,0.216833982,0.136260983,0.088520017,0.05402829,0.017834987,0.010983285,0.004639346,0.001921465,0.000630273,0.007347419,0.007803967,0.004623345,0.001894928,0.001048358,0.00091588,0.000332436,4.69E-06
RB670,0.000495497,0.000766272,0.0022605,0.00240948,0.001728584,0.000919874,0.001157588,0.00127291,0.00078473,0.000596026,0.000499801,0.000369104,0.000385053,0.000500858,0.061597476,0.103194273,0.067473957,0.026388087,0.019629527,0.009656301,0.003657019,0.001762293,5.99E-05,0.000227585,0.00020413,0.000210033,0.00058716,0.000854436,0.000707454,0.000479787,0.000412097,0.000328883,0.000326586,0.000524159,0.066778771,0.107668315,0.065831796,0.02815793,0.024665706,0.010111348,0.004025698,0.002105827,0.005547528,0.009246367,0.006271154,0.005810226,0.003840432,0.002860233,0.003274167,0.004006631,0.676073782,1,0.656527996,0.257397243,0.204074283,0.08479348,0.036508843,0.019151537,0.000609404,0.000488215,0.000470235,0.000493631,0.039517101,0.057720422,0.039032467,0.014991723,0.012661839,0.005332492,0.002076775,0.000986683,0.454111254,0.88440639,0.519105958,0.239840751,0.182561962,0.076049639,0.032245659,0.014903779
RB705,0.00029981,0.000333002,-0.00019256,-0.000762017,-0.000945947,-0.000632975,-0.001037218,-0.000359742,-0.000353777,-0.000298144,-0.000326685,1.82E-05,-0.000230578,-7.29E-05,0.000939131,0.017926053,0.122242859,0.081674254,0.035801164,0.029091748,0.011381834,0.004646531,-7.91E-05,-1.43E-05,-1.55E-05,0.000248302,0.000108213,0.00056279,0.00033281,0.000245077,0.00026534,0.000252583,-5.61E-06,6.52E-05,0.000517299,0.008940986,0.062490374,0.043441785,0.024460699,0.017114452,0.007238533,0.003104634,0.002964069,0.010160541,0.008425082,0.006661497,0.004658571,0.003091409,0.002580083,0.001185054,0.009866912,0.145136474,1,0.704868593,0.358439542,0.251255964,0.114048739,0.04874179,0.000487242,0.000494523,0.000305706,0.000397246,0.000729572,0.006383879,0.041881016,0.023760284,0.012691952,0.008979898,0.003300088,0.001105005,0.005778485,0.087141318,0.548031053,0.40023741,0.191643568,0.149745072,0.065776638,0.024534191
RB744,3.04E-05,0.000185353,0.000488971,0.000489094,0.000513474,0.000227261,0.000917634,0.002742909,0.00231335,0.001953326,0.001552393,0.00112901,0.000931463,0.000519706,0.000379642,0.000652421,0.007509961,0.049008737,0.09948314,0.057345376,0.026392111,0.012899265,0.0001187,0.000175979,0.000180269,0.000217036,0.000319985,0.001477233,0.001265646,0.001096772,0.000980685,0.000713276,0.000570147,0.000274036,0.000227849,0.000316958,0.004122371,0.027825559,0.062206206,0.030762697,0.015064611,0.007940959,0.005150875,0.018808942,0.017471144,0.014315123,0.010855141,0.007524906,0.005959305,0.002401855,0.002638031,0.004831686,0.076141595,0.50887252,1,0.510237521,0.255197259,0.131884342,9.40E-05,9.96E-05,7.24E-05,5.53E-05,0.000172342,0.000174949,0.001954303,0.009372776,0.018928627,0.009988786,0.004539062,0.002175556,0.000222379,0.000973909,0.01769995,0.106576749,0.175778682,0.0970243,0.050009794,0.022652943
RB780,0.000268377,0.001620503,0.004006534,0.005263278,0.006781546,0.003234791,0.006385314,0.009563345,0.007806941,0.006111106,0.004503065,0.003234236,0.002576634,0.00208925,0.000758674,0.001226874,0.00124656,0.002416313,0.032399968,0.093808608,0.045971877,0.019115341,0.000768274,0.000940554,0.00150437,0.003878044,0.004373675,0.007983398,0.004645227,0.003498743,0.00418609,0.003540127,0.003060811,0.000867843,0.001393426,0.001761538,0.000310694,0.002407675,0.022242715,0.05626106,0.029547497,0.012997252,0.014044399,0.046567566,0.043742955,0.037034028,0.029314112,0.02096285,0.01894932,0.006805305,0.007025152,0.004355298,0.006986519,0.028626863,0.4189896,1,0.561832696,0.238770581,8.54E-05,-0.000206459,0.000204231,-0.000138549,0.001538172,0.00120707,0.001523837,0.001012662,0.01113584,0.029703019,0.01743754,0.007779898,0.001155684,0.0003495,0.00173236,0.005014491,0.047111147,0.108985255,0.056156574,0.02241086
RY586,0.000428252,0.000615078,0.001886756,0.002064938,0.001555613,0.000776481,0.000773334,0.000644389,0.000521698,0.000719493,0.017121338,0.0254096,0.018801433,0.008891084,0.007488418,0.004243322,0.002958003,0.001394953,0.000697472,0.000415017,0.000142951,5.89E-05,3.23E-05,0.000172313,0.000221267,0.000183667,0.000291352,0.000364744,0.000334807,0.000491845,0.013450371,0.020535712,0.014616634,0.00627001,0.0056856,0.003211634,0.00215564,0.001031408,0.000604188,0.000267401,9.62E-05,4.16E-05,0.00012887,0.00017798,0.000240348,0.001030684,0.036921307,0.052141181,0.040804914,0.014094115,0.014794521,0.007974326,0.005558093,0.002641792,0.001427718,0.000696824,0.000342963,0.000162831,0.699963114,1,0.810124195,0.335442754,0.345315428,0.166369754,0.122664634,0.051780162,0.030952106,0.014598817,0.006175042,0.002702743,0.000112077,0.000142732,6.34E-05,5.66E-05,6.68E-05,2.60E-05,-2.12E-05,1.30E-05
RY655,0.000501976,0.000662974,0.002227116,0.002519098,0.001734691,0.000976182,0.00087704,0.000744955,0.000593991,0.000367603,0.000518449,0.000330822,0.000419401,0.000906083,0.013408201,0.009181288,0.006036424,0.004142841,0.002404238,0.001177729,0.00061884,0.000246255,7.30E-05,0.000399202,0.000417,0.000414449,0.000495343,0.000573775,0.000470027,0.000415001,0.000470032,0.000340046,0.000360551,0.001121744,0.018133378,0.012060972,0.007968728,0.005581118,0.003734405,0.001628066,0.00087575,0.000437209,0.000153326,0.000243307,0.000403489,0.000926588,0.006822015,0.0042811,0.005040884,0.011065461,0.216257053,0.132603153,0.090017398,0.061610384,0.03906903,0.017399081,0.010008601,0.004768876,0.062823185,0.0376076,0.035416919,0.070178581,1,0.57116966,0.414296263,0.259005259,0.171405338,0.076131845,0.037465334,0.016737075,0.326185414,0.271766144,0.171888125,0.132541235,0.079215368,0.034371613,0.019718613,0.008082495
RY743,0.000527696,0.000693382,0.002296177,0.0025922,0.001856001,0.000980494,0.000869674,0.000771931,0.000608749,0.000478525,0.000670041,0.000428249,0.000384107,0.000219173,0.000145013,0.000141489,0.000968204,0.005199393,0.009734173,0.005850958,0.002848645,0.001415639,0.000142814,0.000269462,0.000217637,0.00025236,0.000364224,0.000456338,0.000409872,0.000359827,0.000432039,0.000327635,0.000197891,0.000139748,0.000107614,2.73E-05,0.000370997,0.001775883,0.004029419,0.002239406,0.001155045,0.000616689,0.000175435,0.000403543,0.000484604,0.001069967,0.008110434,0.004956332,0.004249616,0.00216259,0.001727231,0.001391183,0.010585714,0.065595488,0.125121346,0.065515164,0.035666065,0.019265143,0.070545384,0.041481513,0.033450873,0.022855982,0.015944309,0.012791159,0.098526698,0.482411625,1,0.520741694,0.25053282,0.12582036,0.000167142,0.000384475,0.006217113,0.0334667,0.055992642,0.029334998,0.016680883,0.007626206
RR688,0.000629166,0.000845402,0.002661647,0.002732113,0.002062647,0.001074482,0.000932935,0.000742751,0.000554694,0.000410847,0.000337517,0.000192803,0.000200638,0.000127316,0.002592011,0.016440627,0.022799646,0.007848693,0.006108739,0.00377884,0.001341041,0.00065775,0.000126803,0.000316102,0.000410304,0.00035173,0.000430392,0.000526759,0.000397664,0.000341759,0.000344615,0.000253221,0.00023452,0.000118617,0.001978045,0.01204893,0.016584166,0.005993121,0.005416362,0.002819312,0.001078726,0.00057521,0.000135508,0.000240772,0.00033072,0.00045223,0.000461845,0.000330107,0.000340558,0.000135591,0.000437221,0.001783693,0.002574533,0.000930087,0.000813524,0.000425268,0.000152649,8.13E-05,0.000485539,0.000414711,0.000482901,0.000320592,0.013071588,0.080533429,0.118843889,0.036499911,0.033312837,0.017766615,0.00627113,0.003142686,0.075151859,0.673104646,1,0.402023281,0.318133427,0.175097099,0.071698219,0.033677417
Spark NIR 685,0.001146726,0.002081921,0.008851943,0.011453983,0.011015449,0.006632178,0.006957395,0.006469546,0.005524407,0.003727708,0.002738259,0.002658141,0.001563058,0.001268885,0.003360317,0.017985739,0.024232666,0.00791688,0.005333041,0.003827839,0.001118867,0.0004864,0.000770363,0.003663964,0.004791309,0.005107753,0.006257616,0.007384546,0.00551281,0.004020004,0.004093997,0.003485242,0.002999683,0.001545532,0.003211905,0.012314644,0.017298427,0.005833425,0.004868886,0.002690934,0.001414935,0.000632132,0.00141112,0.00322302,0.00355263,0.003220358,0.00430665,0.002548665,0.003388179,0.001895384,0.001689584,0.002955555,0.003225895,0.001670239,0.001299249,0.000821156,0.000457145,0.000482833,0.001113065,0.001484273,0.002083674,0.001791105,0.014323273,0.082378067,0.114289608,0.032292953,0.028642322,0.014432849,0.004892619,0.002163585,0.112154492,0.746394879,1,0.372570584,0.268934923,0.15683662,0.058441643,0.026530965
Spark UV 387,0.768853537,0.887951426,1,0.539065417,0.232331871,0.086063785,0.04453727,0.027797041,0.01953325,0.011429651,0.006234801,0.005734847,0.004267468,0.001293258,0.00231679,0.003090132,0.003262564,0.001408703,5.74E-05,0.001433345,0.001507524,0.002045332,0.002724728,0.003769636,0.00810947,0.006643978,0.008458819,0.00984807,0.008390953,0.00505795,0.004296797,0.003231426,0.003493709,0.000871392,0.002196012,0.001270596,0.000906896,4.18E-05,-0.000604983,-0.000816134,-0.000516262,-0.00120504,0.001445353,0.000923232,0.001500578,0.002170263,0.003357935,0.000467016,0.000461471,0.000798963,0.001960929,0.001400231,0.000230047,0.001037906,0.000883945,6.96E-05,-0.000170419,0.000401592,0.001015599,-0.000374859,0.00189256,0.001383151,0.002400057,0.001832222,0.000749471,0.000884912,-0.000215324,0.001373357,-0.000776761,-0.000557854,0.000516529,0.000260653,-0.001267547,-0.000372104,0.00127363,0.002132217,0.000146719,0.000526394
Spark YG 593,0.000320192,0.000524293,0.001173394,0.000236232,-0.000761395,-0.00108885,-0.001642607,-0.001969394,-0.001515884,-0.001227818,0.01327189,0.038319942,0.03739543,0.020505119,0.025672782,0.017091108,0.014715904,0.007033291,0.003715732,0.002414365,0.001246467,0.00050786,0.000197928,0.0006039,0.000634188,0.000717108,0.000353105,0.000230385,0.000131325,-0.000175748,0.000321297,0.001828871,0.001763228,0.000710784,0.001003947,0.000583258,0.000516447,7.48E-05,-3.82E-05,6.25E-05,-3.48E-05,0.00011057,-8.78E-05,-0.000165082,9.19E-05,0.000288344,0.036906714,0.097255208,0.100268896,0.040120907,0.063980437,0.037511936,0.032489906,0.016516,0.009258759,0.005180901,0.002902084,0.00160514,0.28811235,0.910295292,1,0.498126657,0.766249957,0.429222318,0.375457695,0.173877969,0.112068468,0.065284629,0.029099203,0.013511375,0.002266832,0.002407517,0.002331778,0.00112682,0.000790401,0.000554256,0.000317018,0.000278417
Super Bright 436,0.000382955,0.000637612,0.162548413,0.345465121,0.218588827,0.084908402,0.054227745,0.026083753,0.015828331,0.007702261,0.003266174,0.001782491,0.000980834,0.000422367,0.000258396,0.000106461,0.000194112,3.95E-05,-3.71E-05,-1.36E-05,-0.000234092,-6.80E-05,0.48753179,1,0.589593393,0.227337624,0.147379061,0.078693258,0.034202833,0.023714612,0.011721208,0.007587242,0.004776962,0.001968018,0.001466599,0.000933303,0.000606155,0.000282684,0.000233361,5.53E-05,0.000105523,0.00013059,-8.25E-05,-0.000155291,-0.000355063,-1.94E-05,0.000196656,8.75E-06,0.000433285,-1.38E-05,0.000190715,2.66E-06,7.84E-06,0.000124571,-2.13E-05,0.000127221,-0.000185713,-1.87E-05,0.000265587,0.000376773,0.00038375,0.000321555,0.00038587,0.000371721,0.000498604,1.14E-05,0.000186833,-9.73E-05,-6.31E-05,-0.000112201,0.000176116,0.000423132,0.000523386,0.000285775,0.00021336,0.000172429,0.000126763,4.68E-07
Zombie NIR,0.000138592,0.000151501,0.000241975,0.000188393,0.000329811,0.000384232,0.000787808,0.000871294,0.000899788,0.00079,0.000798053,0.000705752,0.000725349,0.000582053,0.00109196,0.001293293,0.003076896,0.009096887,0.032305581,0.024112041,0.006970852,0.00327714,0.000246891,0.001045908,0.001772609,0.001964783,0.003489355,0.00388961,0.002424586,0.002323279,0.00216415,0.001855933,0.001679113,0.001012598,0.001331187,0.0013798,0.002939537,0.011945886,0.049894439,0.032396981,0.010285881,0.005147068,0.004467225,0.007126244,0.006890163,0.006664614,0.005940623,0.004886591,0.005088176,0.002367382,0.003973905,0.003111866,0.005496376,0.021798674,0.08934155,0.060914133,0.018651916,0.009473218,0.003053479,0.004446061,0.005551442,0.004151052,0.009117121,0.008068955,0.01334287,0.026519407,0.079317928,0.051533603,0.014872947,0.007031596,0.047640752,0.056927011,0.112194093,0.346004357,1,0.647884798,0.199362602,0.091746623
V450,0.00206489,0.002765568,0.019721729,0.103475786,0.106943369,0.0496403,0.031079193,0.019543495,0.01124159,0.006534961,0.003573059,0.00192225,0.001556326,0.000936784,0.000398855,0.000189253,0.000337627,0.000282922,6.58E-05,2.43E-05,-4.41E-05,5.04E-05,0.097958067,0.955159291,1,0.499937134,0.281454389,0.18130383,0.090849643,0.050231616,0.024462644,0.014472412,0.009539582,0.004121745,0.002723657,0.001662923,0.001237636,0.000401837,0.000116423,3.83E-05,0.000270071,-1.72E-05,0.00058207,0.001093222,0.0015895,0.002198038,0.001870313,0.00143294,0.001399529,0.000692977,0.000574918,0.000445448,0.000404573,0.000177493,0.000189277,-0.000100449,0.000106149,2.32E-05,0.002664557,0.002048381,0.001805493,0.00107797,0.001376271,0.000692246,0.001084454,0.000294423,2.97E-05,0.000211785,0.000166878,1.84E-05,0.000718815,0.000771149,0.000482277,0.000425656,0.000253058,0.000113687,-2.08E-05,-8.32E-05
V500,0.009718582,0.013337438,0.045027435,0.053294375,0.055629035,0.055216253,0.125244685,0.124180356,0.095313668,0.064672165,0.041602602,0.027014984,0.021264008,0.011451303,0.008772609,0.005674421,0.004526915,0.002274544,0.000660687,0.000703361,0.000158143,-0.000205459,0.003206496,0.021741319,0.129557725,0.337848808,0.912346432,1,0.734253026,0.510931456,0.344095659,0.231307516,0.168770909,0.079299215,0.054902001,0.035100693,0.025337806,0.011150682,0.00816107,0.003919809,0.001436588,-5.33E-05,0.023791911,0.029726282,0.027122584,0.0268477,0.019732895,0.0138345,0.012737385,0.00556094,0.004930177,0.003614626,0.003215502,0.001561316,0.001132935,0.000486415,0.000328009,-7.33E-05,0.008948115,0.007065213,0.006643735,0.004686298,0.005031223,0.004774702,0.003992919,0.002498834,0.002108765,0.000973308,0.000700649,0.000690324,0.003171593,0.003686076,0.002357135,0.00129995,0.001671699,0.001368232,0.000597447,0.0001985
